--
-- PostgreSQL database dump
--

-- Dumped from database version 13.8 (Ubuntu 13.8-1.pgdg20.04+1)
-- Dumped by pg_dump version 14.5 (Ubuntu 14.5-0ubuntu0.22.04.1)

SET statement_timeout = 0;
SET lock_timeout = 0;
SET idle_in_transaction_session_timeout = 0;
SET client_encoding = 'UTF8';
SET standard_conforming_strings = on;
SELECT pg_catalog.set_config('search_path', '', false);
SET check_function_bodies = false;
SET xmloption = content;
SET client_min_messages = warning;
SET row_security = off;

SET default_tablespace = '';

SET default_table_access_method = heap;

--
-- Name: databasechangelog; Type: TABLE; Schema: public; Owner: hamsteri
--

CREATE TABLE public.databasechangelog (
    id character varying(255) NOT NULL,
    author character varying(255) NOT NULL,
    filename character varying(255) NOT NULL,
    dateexecuted timestamp without time zone NOT NULL,
    orderexecuted integer NOT NULL,
    exectype character varying(10) NOT NULL,
    md5sum character varying(35),
    description character varying(255),
    comments character varying(255),
    tag character varying(255),
    liquibase character varying(20),
    contexts character varying(255),
    labels character varying(255),
    deployment_id character varying(10)
);


ALTER TABLE public.databasechangelog OWNER TO hamsteri;

--
-- Name: databasechangeloglock; Type: TABLE; Schema: public; Owner: hamsteri
--

CREATE TABLE public.databasechangeloglock (
    id integer NOT NULL,
    locked boolean NOT NULL,
    lockgranted timestamp without time zone,
    lockedby character varying(255)
);


ALTER TABLE public.databasechangeloglock OWNER TO hamsteri;

--
-- Name: dd_arvot; Type: TABLE; Schema: public; Owner: hamsteri
--

CREATE TABLE public.dd_arvot (
    id integer NOT NULL,
    valikko character varying(15) DEFAULT ''::character varying,
    nimi character varying(20) NOT NULL,
    arvo integer
);


ALTER TABLE public.dd_arvot OWNER TO hamsteri;

--
-- Name: dd_arvot_id_seq; Type: SEQUENCE; Schema: public; Owner: hamsteri
--

CREATE SEQUENCE public.dd_arvot_id_seq
    START WITH 1
    INCREMENT BY 1
    NO MINVALUE
    NO MAXVALUE
    CACHE 1;


ALTER TABLE public.dd_arvot_id_seq OWNER TO hamsteri;

--
-- Name: dd_arvot_id_seq; Type: SEQUENCE OWNED BY; Schema: public; Owner: hamsteri
--

ALTER SEQUENCE public.dd_arvot_id_seq OWNED BY public.dd_arvot.id;


--
-- Name: group_requests; Type: TABLE; Schema: public; Owner: hamsteri
--

CREATE TABLE public.group_requests (
    id integer NOT NULL,
    group_id integer NOT NULL,
    source_user_id integer NOT NULL,
    target_user_id integer,
    type character varying(20) NOT NULL,
    status character varying(20) NOT NULL,
    info character varying(200),
    created_at timestamp without time zone DEFAULT now() NOT NULL,
    updated_at timestamp without time zone
);


ALTER TABLE public.group_requests OWNER TO hamsteri;

--
-- Name: group_requests_id_seq; Type: SEQUENCE; Schema: public; Owner: hamsteri
--

ALTER TABLE public.group_requests ALTER COLUMN id ADD GENERATED BY DEFAULT AS IDENTITY (
    SEQUENCE NAME public.group_requests_id_seq
    START WITH 1
    INCREMENT BY 1
    NO MINVALUE
    NO MAXVALUE
    CACHE 1
);


--
-- Name: groups; Type: TABLE; Schema: public; Owner: hamsteri
--

CREATE TABLE public.groups (
    id integer NOT NULL,
    name character varying(50)
);


ALTER TABLE public.groups OWNER TO hamsteri;

--
-- Name: groups_id_seq; Type: SEQUENCE; Schema: public; Owner: hamsteri
--

ALTER TABLE public.groups ALTER COLUMN id ADD GENERATED BY DEFAULT AS IDENTITY (
    SEQUENCE NAME public.groups_id_seq
    START WITH 1
    INCREMENT BY 1
    NO MINVALUE
    NO MAXVALUE
    CACHE 1
);


--
-- Name: kiekot; Type: TABLE; Schema: public; Owner: hamsteri
--

CREATE TABLE public.kiekot (
    id integer NOT NULL,
    member_id integer NOT NULL,
    mold_id integer NOT NULL,
    muovi_id integer,
    vari_id integer NOT NULL,
    kuva character varying(50) NOT NULL,
    paino integer DEFAULT 100,
    kunto integer DEFAULT 0 NOT NULL,
    hohto boolean,
    spessu boolean,
    dyed boolean NOT NULL,
    swirly boolean NOT NULL,
    tussit integer DEFAULT 0 NOT NULL,
    myynnissa boolean,
    hinta integer DEFAULT 0 NOT NULL,
    muuta character varying(500) DEFAULT NULL::character varying,
    loytokiekko boolean,
    itb boolean NOT NULL,
    public boolean DEFAULT false NOT NULL,
    created_at timestamp without time zone DEFAULT now() NOT NULL,
    updated_at timestamp without time zone,
    lost boolean DEFAULT false NOT NULL
);


ALTER TABLE public.kiekot OWNER TO hamsteri;

--
-- Name: kiekot_id_seq; Type: SEQUENCE; Schema: public; Owner: hamsteri
--

CREATE SEQUENCE public.kiekot_id_seq
    START WITH 1
    INCREMENT BY 1
    NO MINVALUE
    NO MAXVALUE
    CACHE 1;


ALTER TABLE public.kiekot_id_seq OWNER TO hamsteri;

--
-- Name: kiekot_id_seq; Type: SEQUENCE OWNED BY; Schema: public; Owner: hamsteri
--

ALTER SEQUENCE public.kiekot_id_seq OWNED BY public.kiekot.id;


--
-- Name: kirppis; Type: TABLE; Schema: public; Owner: hamsteri
--

CREATE TABLE public.kirppis (
    id integer NOT NULL,
    kiekko_id integer NOT NULL,
    member_id integer NOT NULL,
    loytopaikka character varying(100) DEFAULT NULL::character varying,
    puhelin character varying(15) NOT NULL,
    hakupaikka character varying(25) NOT NULL
);


ALTER TABLE public.kirppis OWNER TO hamsteri;

--
-- Name: kirppis_id_seq; Type: SEQUENCE; Schema: public; Owner: hamsteri
--

CREATE SEQUENCE public.kirppis_id_seq
    START WITH 1
    INCREMENT BY 1
    NO MINVALUE
    NO MAXVALUE
    CACHE 1;


ALTER TABLE public.kirppis_id_seq OWNER TO hamsteri;

--
-- Name: kirppis_id_seq; Type: SEQUENCE OWNED BY; Schema: public; Owner: hamsteri
--

ALTER SEQUENCE public.kirppis_id_seq OWNED BY public.kirppis.id;


--
-- Name: members; Type: TABLE; Schema: public; Owner: hamsteri
--

CREATE TABLE public.members (
    id integer NOT NULL,
    username character varying(50) NOT NULL,
    email character varying(50) NOT NULL,
    level integer DEFAULT 1 NOT NULL,
    etunimi character varying(20) DEFAULT '-'::character varying NOT NULL,
    sukunimi character varying(20) DEFAULT '-'::character varying NOT NULL,
    pdga_num integer DEFAULT 0 NOT NULL,
    public_list boolean DEFAULT false NOT NULL,
    public_disc_count boolean DEFAULT false NOT NULL,
    disc_count integer DEFAULT 0,
    created_at timestamp without time zone DEFAULT now() NOT NULL,
    updated_at timestamp without time zone
);


ALTER TABLE public.members OWNER TO hamsteri;

--
-- Name: members_id_seq; Type: SEQUENCE; Schema: public; Owner: hamsteri
--

CREATE SEQUENCE public.members_id_seq
    START WITH 1
    INCREMENT BY 1
    NO MINVALUE
    NO MAXVALUE
    CACHE 1;


ALTER TABLE public.members_id_seq OWNER TO hamsteri;

--
-- Name: members_id_seq; Type: SEQUENCE OWNED BY; Schema: public; Owner: hamsteri
--

ALTER SEQUENCE public.members_id_seq OWNED BY public.members.id;


--
-- Name: ostot; Type: TABLE; Schema: public; Owner: hamsteri
--

CREATE TABLE public.ostot (
    id integer NOT NULL,
    kiekko_id integer NOT NULL,
    myyja integer NOT NULL,
    ostaja integer NOT NULL,
    status integer DEFAULT 0 NOT NULL,
    created_at timestamp without time zone DEFAULT now() NOT NULL,
    updated_at timestamp without time zone
);


ALTER TABLE public.ostot OWNER TO hamsteri;

--
-- Name: ostot_id_seq; Type: SEQUENCE; Schema: public; Owner: hamsteri
--

CREATE SEQUENCE public.ostot_id_seq
    START WITH 1
    INCREMENT BY 1
    NO MINVALUE
    NO MAXVALUE
    CACHE 1;


ALTER TABLE public.ostot_id_seq OWNER TO hamsteri;

--
-- Name: ostot_id_seq; Type: SEQUENCE OWNED BY; Schema: public; Owner: hamsteri
--

ALTER SEQUENCE public.ostot_id_seq OWNED BY public.ostot.id;


--
-- Name: r_mold; Type: TABLE; Schema: public; Owner: hamsteri
--

CREATE TABLE public.r_mold (
    id integer NOT NULL,
    valmistaja_id integer DEFAULT 1 NOT NULL,
    kiekko character varying(25) NOT NULL,
    nopeus numeric(5,1) DEFAULT '0'::numeric NOT NULL,
    liito numeric(5,1) DEFAULT '0'::numeric NOT NULL,
    vakaus numeric(5,1) DEFAULT '0'::numeric NOT NULL,
    feidi numeric(5,1) DEFAULT '0'::numeric NOT NULL,
    created_at timestamp without time zone DEFAULT now() NOT NULL,
    updated_at timestamp without time zone
);


ALTER TABLE public.r_mold OWNER TO hamsteri;

--
-- Name: r_mold_id_seq; Type: SEQUENCE; Schema: public; Owner: hamsteri
--

CREATE SEQUENCE public.r_mold_id_seq
    START WITH 1
    INCREMENT BY 1
    NO MINVALUE
    NO MAXVALUE
    CACHE 1;


ALTER TABLE public.r_mold_id_seq OWNER TO hamsteri;

--
-- Name: r_mold_id_seq; Type: SEQUENCE OWNED BY; Schema: public; Owner: hamsteri
--

ALTER SEQUENCE public.r_mold_id_seq OWNED BY public.r_mold.id;


--
-- Name: r_muovi; Type: TABLE; Schema: public; Owner: hamsteri
--

CREATE TABLE public.r_muovi (
    id integer NOT NULL,
    muovi character varying(25) NOT NULL,
    valmistaja_id integer DEFAULT 1 NOT NULL,
    created_at timestamp without time zone DEFAULT now() NOT NULL,
    updated_at timestamp without time zone
);


ALTER TABLE public.r_muovi OWNER TO hamsteri;

--
-- Name: r_muovi_id_seq; Type: SEQUENCE; Schema: public; Owner: hamsteri
--

CREATE SEQUENCE public.r_muovi_id_seq
    START WITH 1
    INCREMENT BY 1
    NO MINVALUE
    NO MAXVALUE
    CACHE 1;


ALTER TABLE public.r_muovi_id_seq OWNER TO hamsteri;

--
-- Name: r_muovi_id_seq; Type: SEQUENCE OWNED BY; Schema: public; Owner: hamsteri
--

ALTER SEQUENCE public.r_muovi_id_seq OWNED BY public.r_muovi.id;


--
-- Name: r_valm; Type: TABLE; Schema: public; Owner: hamsteri
--

CREATE TABLE public.r_valm (
    id integer NOT NULL,
    valmistaja character varying(25) NOT NULL,
    created_at timestamp without time zone DEFAULT now() NOT NULL,
    updated_at timestamp without time zone
);


ALTER TABLE public.r_valm OWNER TO hamsteri;

--
-- Name: r_valm_id_seq; Type: SEQUENCE; Schema: public; Owner: hamsteri
--

CREATE SEQUENCE public.r_valm_id_seq
    START WITH 1
    INCREMENT BY 1
    NO MINVALUE
    NO MAXVALUE
    CACHE 1;


ALTER TABLE public.r_valm_id_seq OWNER TO hamsteri;

--
-- Name: r_valm_id_seq; Type: SEQUENCE OWNED BY; Schema: public; Owner: hamsteri
--

ALTER SEQUENCE public.r_valm_id_seq OWNED BY public.r_valm.id;


--
-- Name: r_vari; Type: TABLE; Schema: public; Owner: hamsteri
--

CREATE TABLE public.r_vari (
    id integer NOT NULL,
    vari character varying(25) NOT NULL,
    created_at timestamp without time zone DEFAULT now() NOT NULL,
    updated_at timestamp without time zone
);


ALTER TABLE public.r_vari OWNER TO hamsteri;

--
-- Name: r_vari_id_seq; Type: SEQUENCE; Schema: public; Owner: hamsteri
--

CREATE SEQUENCE public.r_vari_id_seq
    START WITH 1
    INCREMENT BY 1
    NO MINVALUE
    NO MAXVALUE
    CACHE 1;


ALTER TABLE public.r_vari_id_seq OWNER TO hamsteri;

--
-- Name: r_vari_id_seq; Type: SEQUENCE OWNED BY; Schema: public; Owner: hamsteri
--

ALTER SEQUENCE public.r_vari_id_seq OWNED BY public.r_vari.id;


--
-- Name: roles; Type: TABLE; Schema: public; Owner: hamsteri
--

CREATE TABLE public.roles (
    id integer NOT NULL,
    name character varying(20),
    group_id integer
);


ALTER TABLE public.roles OWNER TO hamsteri;

--
-- Name: roles_id_seq; Type: SEQUENCE; Schema: public; Owner: hamsteri
--

ALTER TABLE public.roles ALTER COLUMN id ADD GENERATED BY DEFAULT AS IDENTITY (
    SEQUENCE NAME public.roles_id_seq
    START WITH 1
    INCREMENT BY 1
    NO MINVALUE
    NO MAXVALUE
    CACHE 1
);


--
-- Name: stats; Type: TABLE; Schema: public; Owner: hamsteri
--

CREATE TABLE public.stats (
    id integer NOT NULL,
    year integer NOT NULL,
    month integer NOT NULL,
    new_discs integer,
    new_users integer,
    new_manufacturers integer,
    new_plastics integer,
    new_molds integer,
    sales_completed integer,
    created_at timestamp without time zone DEFAULT now() NOT NULL,
    updated_at timestamp without time zone
);


ALTER TABLE public.stats OWNER TO hamsteri;

--
-- Name: stats_id_seq; Type: SEQUENCE; Schema: public; Owner: hamsteri
--

CREATE SEQUENCE public.stats_id_seq
    START WITH 1
    INCREMENT BY 1
    NO MINVALUE
    NO MAXVALUE
    CACHE 1;


ALTER TABLE public.stats_id_seq OWNER TO hamsteri;

--
-- Name: stats_id_seq; Type: SEQUENCE OWNED BY; Schema: public; Owner: hamsteri
--

ALTER SEQUENCE public.stats_id_seq OWNED BY public.stats.id;


--
-- Name: users_groups; Type: TABLE; Schema: public; Owner: hamsteri
--

CREATE TABLE public.users_groups (
    user_id integer NOT NULL,
    group_id integer NOT NULL
);


ALTER TABLE public.users_groups OWNER TO hamsteri;

--
-- Name: users_roles; Type: TABLE; Schema: public; Owner: hamsteri
--

CREATE TABLE public.users_roles (
    user_id integer NOT NULL,
    role_id integer NOT NULL
);


ALTER TABLE public.users_roles OWNER TO hamsteri;

--
-- Name: wanted; Type: TABLE; Schema: public; Owner: hamsteri
--

CREATE TABLE public.wanted (
    wanted_id integer NOT NULL,
    member_id integer NOT NULL,
    mold_id integer NOT NULL,
    muovi_id integer DEFAULT 1 NOT NULL,
    vari character varying(20) NOT NULL,
    paino character varying(7) NOT NULL,
    muuta character varying(100) NOT NULL
);


ALTER TABLE public.wanted OWNER TO hamsteri;

--
-- Name: wanted_wanted_id_seq; Type: SEQUENCE; Schema: public; Owner: hamsteri
--

CREATE SEQUENCE public.wanted_wanted_id_seq
    START WITH 1
    INCREMENT BY 1
    NO MINVALUE
    NO MAXVALUE
    CACHE 1;


ALTER TABLE public.wanted_wanted_id_seq OWNER TO hamsteri;

--
-- Name: wanted_wanted_id_seq; Type: SEQUENCE OWNED BY; Schema: public; Owner: hamsteri
--

ALTER SEQUENCE public.wanted_wanted_id_seq OWNED BY public.wanted.wanted_id;


--
-- Name: dd_arvot id; Type: DEFAULT; Schema: public; Owner: hamsteri
--

ALTER TABLE ONLY public.dd_arvot ALTER COLUMN id SET DEFAULT nextval('public.dd_arvot_id_seq'::regclass);


--
-- Name: kiekot id; Type: DEFAULT; Schema: public; Owner: hamsteri
--

ALTER TABLE ONLY public.kiekot ALTER COLUMN id SET DEFAULT nextval('public.kiekot_id_seq'::regclass);


--
-- Name: kirppis id; Type: DEFAULT; Schema: public; Owner: hamsteri
--

ALTER TABLE ONLY public.kirppis ALTER COLUMN id SET DEFAULT nextval('public.kirppis_id_seq'::regclass);


--
-- Name: members id; Type: DEFAULT; Schema: public; Owner: hamsteri
--

ALTER TABLE ONLY public.members ALTER COLUMN id SET DEFAULT nextval('public.members_id_seq'::regclass);


--
-- Name: ostot id; Type: DEFAULT; Schema: public; Owner: hamsteri
--

ALTER TABLE ONLY public.ostot ALTER COLUMN id SET DEFAULT nextval('public.ostot_id_seq'::regclass);


--
-- Name: r_mold id; Type: DEFAULT; Schema: public; Owner: hamsteri
--

ALTER TABLE ONLY public.r_mold ALTER COLUMN id SET DEFAULT nextval('public.r_mold_id_seq'::regclass);


--
-- Name: r_muovi id; Type: DEFAULT; Schema: public; Owner: hamsteri
--

ALTER TABLE ONLY public.r_muovi ALTER COLUMN id SET DEFAULT nextval('public.r_muovi_id_seq'::regclass);


--
-- Name: r_valm id; Type: DEFAULT; Schema: public; Owner: hamsteri
--

ALTER TABLE ONLY public.r_valm ALTER COLUMN id SET DEFAULT nextval('public.r_valm_id_seq'::regclass);


--
-- Name: r_vari id; Type: DEFAULT; Schema: public; Owner: hamsteri
--

ALTER TABLE ONLY public.r_vari ALTER COLUMN id SET DEFAULT nextval('public.r_vari_id_seq'::regclass);


--
-- Name: stats id; Type: DEFAULT; Schema: public; Owner: hamsteri
--

ALTER TABLE ONLY public.stats ALTER COLUMN id SET DEFAULT nextval('public.stats_id_seq'::regclass);


--
-- Name: wanted wanted_id; Type: DEFAULT; Schema: public; Owner: hamsteri
--

ALTER TABLE ONLY public.wanted ALTER COLUMN wanted_id SET DEFAULT nextval('public.wanted_wanted_id_seq'::regclass);


--
-- Data for Name: databasechangelog; Type: TABLE DATA; Schema: public; Owner: hamsteri
--

COPY public.databasechangelog (id, author, filename, dateexecuted, orderexecuted, exectype, md5sum, description, comments, tag, liquibase, contexts, labels, deployment_id) FROM stdin;
addUserRolesTable	Ville	db/db.changelog.xml	2022-09-15 10:38:18.938699	32	EXECUTED	8:0ae3f981c172747aee7732bae7d04063	createTable tableName=roles; createTable tableName=users_roles; addForeignKeyConstraint baseTableName=users_roles, constraintName=users_roles_user_id_fk, referencedTableName=members; addForeignKeyConstraint baseTableName=users_roles, constraintNam...		\N	4.15.0	\N	\N	3238298646
addUserGroupsTable	Ville	db/db.changelog.xml	2022-09-15 10:38:18.984268	33	EXECUTED	8:baba79c20612c791ee69cf9d6fa1d990	createTable tableName=groups; createTable tableName=users_groups; addForeignKeyConstraint baseTableName=users_groups, constraintName=users_roles_group_id_fk, referencedTableName=groups; addForeignKeyConstraint baseTableName=users_groups, constrain...		\N	4.15.0	\N	\N	3238298646
insertAdminRole	Ville	db/db.changelog.xml	2022-09-15 10:38:18.997167	34	EXECUTED	8:59e24c1596b55eaa3341d8ddade4479d	insert tableName=roles		\N	4.15.0	\N	\N	3238298646
createGroupRequestTable	Ville	db/db.changelog.xml	2022-09-15 10:38:19.018974	35	EXECUTED	8:b47a2fa618787079682ac35505579134	createTable tableName=group_requests		\N	4.15.0	\N	\N	3238298646
1523445880553-1	ville (generated)	classpath:db/db.changelog.xml	2018-04-11 15:37:51.825889	1	EXECUTED	\N	createTable tableName=dd_arvot		\N	3.5.3	\N	\N	3450271786
1523445880553-2	ville (generated)	classpath:db/db.changelog.xml	2018-04-11 15:37:51.845613	2	EXECUTED	\N	createTable tableName=kiekot		\N	3.5.3	\N	\N	3450271786
1523445880553-3	ville (generated)	classpath:db/db.changelog.xml	2018-04-11 15:37:51.858662	3	EXECUTED	\N	createTable tableName=kirppis		\N	3.5.3	\N	\N	3450271786
1523445880553-4	ville (generated)	classpath:db/db.changelog.xml	2018-04-11 15:37:51.872455	4	EXECUTED	\N	createTable tableName=members		\N	3.5.3	\N	\N	3450271786
1523445880553-5	ville (generated)	classpath:db/db.changelog.xml	2018-04-11 15:37:51.888205	5	EXECUTED	\N	createTable tableName=ostot		\N	3.5.3	\N	\N	3450271786
1523445880553-6	ville (generated)	classpath:db/db.changelog.xml	2018-04-11 15:37:51.90905	6	EXECUTED	\N	createTable tableName=r_mold		\N	3.5.3	\N	\N	3450271786
1523445880553-7	ville (generated)	classpath:db/db.changelog.xml	2018-04-11 15:37:51.928226	7	EXECUTED	\N	createTable tableName=r_muovi		\N	3.5.3	\N	\N	3450271786
1523445880553-8	ville (generated)	classpath:db/db.changelog.xml	2018-04-11 15:37:51.946827	8	EXECUTED	\N	createTable tableName=r_valm		\N	3.5.3	\N	\N	3450271786
1523445880553-9	ville (generated)	classpath:db/db.changelog.xml	2018-04-11 15:37:51.966978	9	EXECUTED	\N	createTable tableName=r_vari		\N	3.5.3	\N	\N	3450271786
1523445880553-10	ville (generated)	classpath:db/db.changelog.xml	2018-04-11 15:37:51.987598	10	EXECUTED	\N	createTable tableName=wanted		\N	3.5.3	\N	\N	3450271786
1523445880553-11	ville (generated)	classpath:db/db.changelog.xml	2018-04-11 15:37:52.005008	11	EXECUTED	\N	addForeignKeyConstraint baseTableName=kiekot, constraintName=kiekot_ibfk_1, referencedTableName=members		\N	3.5.3	\N	\N	3450271786
1523445880553-12	ville (generated)	classpath:db/db.changelog.xml	2018-04-11 15:37:52.017892	12	EXECUTED	\N	addForeignKeyConstraint baseTableName=kiekot, constraintName=kiekot_ibfk_2, referencedTableName=r_mold		\N	3.5.3	\N	\N	3450271786
1523445880553-13	ville (generated)	classpath:db/db.changelog.xml	2018-04-11 15:37:52.030537	13	EXECUTED	\N	addForeignKeyConstraint baseTableName=kiekot, constraintName=kiekot_ibfk_3, referencedTableName=r_muovi		\N	3.5.3	\N	\N	3450271786
1523445880553-14	ville (generated)	classpath:db/db.changelog.xml	2018-04-11 15:37:52.043837	14	EXECUTED	\N	addForeignKeyConstraint baseTableName=kiekot, constraintName=kiekot_ibfk_4, referencedTableName=r_vari		\N	3.5.3	\N	\N	3450271786
1523445880553-15	ville (generated)	classpath:db/db.changelog.xml	2018-04-11 15:37:52.056675	15	EXECUTED	\N	addForeignKeyConstraint baseTableName=kirppis, constraintName=kirppis_ibfk_1, referencedTableName=kiekot		\N	3.5.3	\N	\N	3450271786
1523445880553-16	ville (generated)	classpath:db/db.changelog.xml	2018-04-11 15:37:52.06871	16	EXECUTED	\N	addForeignKeyConstraint baseTableName=kirppis, constraintName=kirppis_ibfk_2, referencedTableName=members		\N	3.5.3	\N	\N	3450271786
1523445880553-17	ville (generated)	classpath:db/db.changelog.xml	2018-04-11 15:37:52.080661	17	EXECUTED	\N	addForeignKeyConstraint baseTableName=ostot, constraintName=ostot_ibfk_1, referencedTableName=members		\N	3.5.3	\N	\N	3450271786
1523445880553-18	ville (generated)	classpath:db/db.changelog.xml	2018-04-11 15:37:52.092917	18	EXECUTED	\N	addForeignKeyConstraint baseTableName=ostot, constraintName=ostot_ibfk_2, referencedTableName=members		\N	3.5.3	\N	\N	3450271786
1523445880553-19	ville (generated)	classpath:db/db.changelog.xml	2018-04-11 15:37:52.105441	19	EXECUTED	\N	addForeignKeyConstraint baseTableName=ostot, constraintName=ostot_ibfk_3, referencedTableName=kiekot		\N	3.5.3	\N	\N	3450271786
1523445880553-20	ville (generated)	classpath:db/db.changelog.xml	2018-04-11 15:37:52.11724	20	EXECUTED	\N	addForeignKeyConstraint baseTableName=r_mold, constraintName=r_mold_ibfk_1, referencedTableName=r_valm		\N	3.5.3	\N	\N	3450271786
1523445880553-21	ville (generated)	classpath:db/db.changelog.xml	2018-04-11 15:37:52.130304	21	EXECUTED	\N	addForeignKeyConstraint baseTableName=r_muovi, constraintName=r_muovi_ibfk_1, referencedTableName=r_valm		\N	3.5.3	\N	\N	3450271786
1523445880553-22	ville (generated)	classpath:db/db.changelog.xml	2018-04-11 15:37:52.143245	22	EXECUTED	\N	addForeignKeyConstraint baseTableName=wanted, constraintName=wanted_ibfk_1, referencedTableName=members		\N	3.5.3	\N	\N	3450271786
1523445880553-23	ville (generated)	classpath:db/db.changelog.xml	2018-04-11 15:37:52.156296	23	EXECUTED	\N	addForeignKeyConstraint baseTableName=wanted, constraintName=wanted_ibfk_2, referencedTableName=r_mold		\N	3.5.3	\N	\N	3450271786
1523445880553-24	ville (generated)	classpath:db/db.changelog.xml	2018-04-11 15:37:52.168796	24	EXECUTED	\N	addForeignKeyConstraint baseTableName=wanted, constraintName=wanted_ibfk_3, referencedTableName=r_muovi		\N	3.5.3	\N	\N	3450271786
addMembersDiscCount	Ville	classpath:db/db.changelog.xml	2018-04-12 12:59:29.109588	25	EXECUTED	\N	addColumn tableName=members		\N	3.5.3	\N	\N	3537969058
addKiekotTimestamps	Ville	classpath:db/db.changelog.xml	2018-05-04 11:11:41.847538	26	EXECUTED	\N	addColumn tableName=kiekot		\N	3.5.3	\N	\N	5432301704
addOtherTimestamps	ville	classpath:db/db.changelog.xml	2018-05-04 11:11:42.101168	27	EXECUTED	\N	addColumn tableName=members; addColumn tableName=r_mold; addColumn tableName=r_muovi; addColumn tableName=r_valm; addColumn tableName=r_vari		\N	3.5.3	\N	\N	5432301704
addOstotTimestamps	Ville	classpath:db/db.changelog.xml	2018-05-04 11:11:42.195451	28	EXECUTED	\N	addColumn tableName=ostot		\N	3.5.3	\N	\N	5432301704
addStatsTable	Ville	classpath:db/db.changelog.xml	2018-05-07 14:09:24.819422	29	EXECUTED	\N	createTable tableName=stats		\N	3.5.3	\N	\N	5702164403
addLostDisc	Ville	classpath:db/db.changelog.xml	2018-05-22 12:46:53.373779	30	EXECUTED	\N	addColumn tableName=kiekot		\N	3.5.3	\N	\N	6993213294
cascadeDiscDelete	Ville	classpath:db/db.changelog.xml	2019-09-19 10:08:29.532605	31	EXECUTED	\N	dropForeignKeyConstraint baseTableName=ostot, constraintName=ostot_ibfk_3; addForeignKeyConstraint baseTableName=ostot, constraintName=kiekko_fk, referencedTableName=kiekot		\N	3.5.3	\N	\N	8887709454
\.


--
-- Data for Name: databasechangeloglock; Type: TABLE DATA; Schema: public; Owner: hamsteri
--

COPY public.databasechangeloglock (id, locked, lockgranted, lockedby) FROM stdin;
1	f	\N	\N
\.


--
-- Data for Name: dd_arvot; Type: TABLE DATA; Schema: public; Owner: hamsteri
--

COPY public.dd_arvot (id, valikko, nimi, arvo) FROM stdin;
16	kunto	Käyttämätön (10)	10
18	kunto	Kokeiltu (9)	9
19	tussit	Ei ole	1
20	tussit	Rimmissä	2
21	tussit	Pohjassa	3
22	tussit	Rimmi + pohja	4
23	tussit	Kannessa	5
24	tussit	Kaikkialla	6
25	kunto	Käytetty (8)	8
26	kunto	Kulunut (7)	7
27	kunto	Reilusti kulunut (6)	6
28	kunto	Rolleri (5)	5
29	kunto	Jätettä (4)	4
\.


--
-- Data for Name: group_requests; Type: TABLE DATA; Schema: public; Owner: hamsteri
--

COPY public.group_requests (id, group_id, source_user_id, target_user_id, type, status, info, created_at, updated_at) FROM stdin;
\.


--
-- Data for Name: groups; Type: TABLE DATA; Schema: public; Owner: hamsteri
--

COPY public.groups (id, name) FROM stdin;
\.


--
-- Data for Name: kiekot; Type: TABLE DATA; Schema: public; Owner: hamsteri
--

COPY public.kiekot (id, member_id, mold_id, muovi_id, vari_id, kuva, paino, kunto, hohto, spessu, dyed, swirly, tussit, myynnissa, hinta, muuta, loytokiekko, itb, public, created_at, updated_at, lost) FROM stdin;
1064	30	680	156	9	mimalin-1064	180	10	t	t	f	f	1	f	0	Eagle McMahon	f	f	f	2018-05-14 09:13:34.63	2018-05-14 09:14:07.304	f
822	27	715	21	8	kurre-822	175	6	f	f	f	f	3	f	0		f	t	f	2018-05-04 11:11:41.803245	\N	f
1055	30	854	146	15	mimalin-1055	174	9	f	t	f	f	2	f	0		f	f	f	2018-05-09 15:38:20.032	2018-05-09 15:39:01.454	f
1050	30	854	146	15	mimalin-1050-1525880175760	174	9	f	t	f	f	1	f	0	Estonian Edition 	f	f	f	2018-05-04 11:11:41.803245	2018-05-09 15:40:00.809	f
1056	30	570	109	12	mimalin-1056	175	10	f	t	f	f	1	f	0	AJ dessu	f	f	f	2018-05-09 15:40:56.116	2018-05-09 15:41:47.922	f
1057	30	570	109	12	mimalin-1057	175	10	f	t	f	f	1	f	0	AJ dessu	f	f	f	2018-05-09 15:43:26.976	2018-05-09 15:44:01.956	f
1065	30	1101	109	9	mimalin-1065	175	10	f	f	f	f	1	f	0	Star Rat	f	f	f	2018-05-14 09:14:40.499	2018-05-15 06:14:59.749	f
565	30	673	32	8	mimalin-565	175	8	f	f	f	f	4	f	0		f	f	f	2018-05-04 11:11:41.803245	\N	f
1066	30	1101	109	9	mimalin-1066	175	9	f	f	f	f	2	f	0	Star Rat	f	f	f	2018-05-14 09:18:20.902	2018-05-15 06:15:19.491	f
566	30	715	20	10	mimalin-566	175	8	f	t	f	f	2	f	0	Ricky Wysocki	f	f	f	2018-05-04 11:11:41.803245	\N	f
732	30	683	24	9	mimalin-732	171	9	f	f	f	f	2	f	0		f	f	f	2018-05-04 11:11:41.803245	\N	f
567	30	715	20	10	mimalin-567	175	8	f	t	f	f	2	f	0	Ricky Wysocki	f	f	f	2018-05-04 11:11:41.803245	\N	f
1108	33	1049	103	9	Ilkka-1108	175	10	f	f	f	f	1	f	0		f	f	t	2018-07-22 05:40:32.049	2018-07-22 05:40:59.611	f
824	27	772	50	8	kurre-824	170	8	f	f	f	f	2	f	0		f	t	f	2018-05-04 11:11:41.803245	\N	f
733	30	683	103	6	mimalin-733	175	10	f	t	f	t	1	f	0	Lizotte	f	f	f	2018-05-04 11:11:41.803245	\N	f
825	27	1067	25	8	kurre-825	180	8	f	f	f	f	2	f	0		f	t	f	2018-05-04 11:11:41.803245	\N	f
734	30	611	25	3	mimalin-734	175	8	f	f	f	f	2	f	0		f	f	f	2018-05-04 11:11:41.803245	\N	f
826	27	577	62	8	kurre-826	175	8	f	f	f	f	2	f	0		f	t	f	2018-05-04 11:11:41.803245	\N	f
739	30	616	62	3	mimalin-739	171	8	f	f	f	f	4	f	0		f	f	f	2018-05-04 11:11:41.803245	\N	f
740	30	620	109	6	mimalin-740	175	9	f	t	f	t	2	f	0	Nybo 	f	f	f	2018-05-04 11:11:41.803245	\N	f
827	27	608	25	10	kurre-827	170	7	f	f	f	f	2	f	0		f	t	f	2018-05-04 11:11:41.803245	\N	f
581	30	1066	82	10	mimalin-581	173	9	f	f	f	f	2	t	8	River Pro	f	f	f	2018-05-04 11:11:41.803245	\N	f
580	30	1060	117	4	mimalin-580	177	9	f	f	f	f	2	t	8		f	f	f	2018-05-04 11:11:41.803245	\N	f
828	27	611	18	8	kurre-828	175	7	f	f	f	f	2	f	0		f	t	f	2018-05-04 11:11:41.803245	\N	f
829	27	608	25	8	kurre-829	175	6	f	f	f	f	2	f	0		f	t	f	2018-05-04 11:11:41.803245	\N	f
569	30	676	143	3	mimalin-569	175	9	f	f	f	f	2	f	0		f	f	f	2018-05-04 11:11:41.803245	\N	f
570	30	676	143	9	mimalin-570	172	8	f	f	f	f	2	f	0		f	t	f	2018-05-04 11:11:41.803245	\N	f
571	30	664	119	9	mimalin-571	175	8	f	f	f	f	2	f	0		f	f	f	2018-05-04 11:11:41.803245	\N	f
1063	30	680	156	13	mimalin-1063	180	10	t	t	f	f	1	f	0	Eagle McMahon	f	f	f	2018-05-14 09:11:28.815	2018-05-14 09:13:02.886	f
830	27	601	62	8	kurre-830	170	7	f	f	f	f	2	f	0		f	t	f	2018-05-04 11:11:41.803245	\N	f
1059	1	659	35	3	Bisse-1059	175	10	f	f	f	f	1	f	0		f	f	t	2018-05-10 07:06:48.73	2018-05-10 07:11:09.609	f
1042	30	680	156	9	mimalin-1042	180	9	t	t	f	f	1	f	0		f	f	f	2018-05-04 11:11:41.803245	\N	f
1060	1	659	119	8	Bisse-1060	175	10	f	f	f	f	1	f	0		f	f	t	2018-05-10 07:11:25.135	2018-05-10 07:11:42.096	f
1046	30	571	120	12	mimalin-1046	177	10	f	f	f	f	1	f	0		f	f	f	2018-05-04 11:11:41.803245	\N	f
1043	30	680	156	13	mimalin-1043	180	10	t	t	f	f	1	f	0		f	f	f	2018-05-04 11:11:41.803245	\N	f
1044	30	648	76	13	mimalin-1044	180	9	t	t	f	f	1	f	0		f	f	f	2018-05-04 11:11:41.803245	\N	f
1116	2	1061	192	8	pekkanyk-1116	173	10	f	t	f	f	1	f	0		f	f	t	2018-08-11 18:55:46.025	2018-08-11 18:57:18.521	f
1045	30	648	76	9	mimalin-1045	180	10	t	t	f	f	1	f	0		f	f	f	2018-05-04 11:11:41.803245	\N	f
1047	30	571	120	12	mimalin-1047	177	9	f	f	f	f	1	f	0		f	f	f	2018-05-04 11:11:41.803245	\N	f
1112	2	601	25	10	pekkanyk-1112	173	7	f	f	f	f	4	f	0		f	f	t	2018-07-24 05:57:45.405	2018-07-24 05:58:51.344	f
1048	30	577	153	6	mimalin-1048	175	10	t	t	f	t	1	f	0	Rainbow Stamp (2018)	f	f	f	2018-05-04 11:11:41.803245	\N	f
1111	2	700	117	10	pekkanyk-1111	176	8	f	f	f	f	2	f	0		f	f	t	2018-07-24 05:56:33.993	2018-07-24 05:59:19.446	f
1049	30	577	153	6	mimalin-1049	175	10	t	t	f	t	1	f	0	Turquoise Reflective Stamp (2018)	f	f	f	2018-05-04 11:11:41.803245	\N	f
1061	1	659	119	8	Bisse-1061	175	10	f	f	f	f	1	f	0		f	f	t	2018-05-10 07:11:57.762	2018-05-10 07:12:12.8	f
1125	2	1103	111	12	pekkanyk-1125	171	10	f	f	f	f	1	f	0		f	f	t	2018-10-06 13:57:26.773	2018-10-06 14:00:01.858	f
1115	2	1102	192	8	pekkanyk-1115	173	10	f	t	f	f	1	f	0	Janne Hirsimäki Special	f	t	t	2018-07-24 18:58:47.896	2018-07-24 19:06:06.112	f
202	1	571	41	15	Bizhop-202	180	8	f	f	f	f	2	f	0	Kivikon #1 lampi	f	f	t	2018-05-04 11:11:41.803245	2020-08-18 07:10:00.445	t
1113	2	768	74	8	pekkanyk-1113	157	8	f	f	f	f	2	f	0		f	t	t	2018-07-24 18:53:15.146	2018-10-06 14:06:53.52	f
1114	2	772	74	8	pekkanyk-1114	157	8	f	f	f	f	2	f	0		f	t	t	2018-07-24 18:55:35.856	2018-10-06 14:07:37.214	f
572	30	709	23	2	mimalin-572	174	8	f	f	f	f	1	f	0		f	f	f	2018-05-04 11:11:41.803245	\N	f
1122	1	715	21	10	Bisse-1122	175	8	f	f	f	f	2	f	0		f	f	t	2018-09-27 08:27:40.629	2021-06-22 11:56:54.579	f
1120	1	709	23	14	Bisse-1120	175	8	f	f	f	f	1	f	0		f	f	t	2018-09-24 16:14:31.608	2019-08-21 07:00:50.208	f
1121	1	709	23	14	Bisse-1121	175	8	f	f	f	f	1	f	0		f	f	t	2018-09-24 16:15:28.092	2019-08-21 07:00:58.486	f
23	2	573	4	3	kiekko_1490203784.jpg	172	8	f	f	f	f	2	f	0		f	f	t	2018-05-04 11:11:41.803245	2018-07-22 18:36:56.634	f
73	2	611	25	9	kiekko_1490864892.jpg	168	8	f	f	f	f	2	f	0		f	f	t	2018-05-04 11:11:41.803245	2018-07-22 18:37:06.414	f
738	30	611	109	6	mimalin-738	175	10	f	t	f	t	2	f	0	Jeremy Koling	f	f	f	2018-05-04 11:11:41.803245	\N	f
573	30	709	23	2	mimalin-573	174	8	f	f	f	f	1	f	0		f	f	f	2018-05-04 11:11:41.803245	\N	f
831	27	611	77	10	kurre-831	171	8	f	f	f	f	2	f	0		f	t	f	2018-05-04 11:11:41.803245	\N	f
574	30	848	116	3	mimalin-574	173	9	f	f	f	f	2	f	0		f	f	f	2018-05-04 11:11:41.803245	\N	f
575	30	584	16	12	mimalin-575	171	8	f	f	f	f	2	f	0		f	t	f	2018-05-04 11:11:41.803245	\N	f
7	2	715	115	14	kiekko_1490127361.jpg	174	9	f	t	f	f	2	f	0	Amsterdam Challenge 2016 fundraiser	f	t	t	2018-05-04 11:11:41.803245	2018-07-22 18:38:29.416	f
832	27	601	25	9	kurre-832	175	7	f	f	f	f	4	f	0		f	t	f	2018-05-04 11:11:41.803245	\N	f
799	30	648	25	8	mimalin-799	180	9	f	t	f	f	2	f	0	30 years of ROC - Luster Champion San Marino Roc	f	f	f	2018-05-04 11:11:41.803245	\N	f
833	27	610	25	8	kurre-833	166	7	f	f	f	f	4	f	0		f	t	f	2018-05-04 11:11:41.803245	\N	f
92	2	626	25	3	kiekko_1490870611.jpg	151	8	f	f	f	f	2	f	0		f	t	t	2018-05-04 11:11:41.803245	2018-07-22 18:38:48.067	f
75	2	569	24	8	kiekko_1490865143.jpg	175	8	f	f	f	f	2	f	0		f	t	t	2018-05-04 11:11:41.803245	2018-07-22 18:39:14.087	f
477	2	577	153	13	pekkanyk-477	175	10	t	t	f	f	1	f	0		f	t	t	2018-05-04 11:11:41.803245	2018-07-22 18:39:30.055	f
176	2	587	109	8	pekkanyk-176	174	9	f	f	f	f	2	f	0		f	t	t	2018-05-04 11:11:41.803245	2018-07-22 18:39:43.045	f
823	27	710	23	10	kurre-823	173	6	f	f	f	f	3	f	0		f	t	f	2018-05-04 11:11:41.803245	\N	f
72	2	598	142	9	kiekko_1490864401.jpg	175	8	t	f	t	f	2	f	0		f	t	t	2018-05-04 11:11:41.803245	2018-07-22 18:40:03.689	f
110	2	709	22	9	kiekko_1490876979.jpg	173	8	f	f	f	f	2	f	0		f	t	t	2018-05-04 11:11:41.803245	2018-07-22 18:40:48.556	f
24	2	573	4	3	kiekko_1490203936.jpg	173	7	f	f	f	f	2	f	0		f	t	t	2018-05-04 11:11:41.803245	2018-07-22 18:41:33.465	f
481	2	765	54	14	pekkanyk-481	173	8	f	f	f	f	2	f	0		f	t	t	2018-05-04 11:11:41.803245	2018-07-22 18:43:06.588	f
160	28	659	119	9	Uusi28-160	175	10	f	f	f	f	1	f	0		f	f	f	2018-05-04 11:11:41.803245	\N	f
1110	2	1060	117	10	pekkanyk-1110	174	8	f	f	f	f	6	f	0		f	f	t	2018-07-22 19:24:42.654	2018-07-22 19:25:31.256	f
22	2	569	85	8	kiekko_1490203378.jpg	175	8	f	f	f	f	2	f	0		f	f	t	2018-05-04 11:11:41.803245	2018-07-29 06:20:48.611	f
1109	2	715	193	14	pekkanyk-1109	175	8	f	t	f	f	2	f	0		f	t	t	2018-07-22 17:42:51.239	2018-10-06 14:05:25.499	f
244	38	893	13	1		175	10	f	f	f	f	1	f	0		f	f	f	2018-05-04 11:11:41.803245	\N	f
245	38	893	13	1		175	10	f	f	f	f	1	f	0		f	f	f	2018-05-04 11:11:41.803245	\N	f
576	30	584	16	12	mimalin-576	174	8	f	f	f	f	2	f	0		f	f	f	2018-05-04 11:11:41.803245	\N	f
505	30	757	124	9	mimalin-505	175	8	f	f	f	f	2	f	0		f	t	f	2018-05-04 11:11:41.803245	\N	f
577	30	584	90	9	mimalin-577	173	8	f	f	f	f	2	f	0		f	t	f	2018-05-04 11:11:41.803245	\N	f
741	30	620	109	2	mimalin-741	175	9	f	t	f	t	2	f	0		f	f	f	2018-05-04 11:11:41.803245	\N	f
578	30	1061	91	12	mimalin-578	174	8	f	f	f	f	2	t	6		f	f	f	2018-05-04 11:11:41.803245	\N	f
800	30	684	24	8	mimalin-800	172	9	f	f	f	f	2	f	0		f	f	f	2018-05-04 11:11:41.803245	\N	f
801	30	844	24	10	mimalin-801	170	9	f	f	f	f	2	f	0		f	f	f	2018-05-04 11:11:41.803245	\N	f
1127	2	1104	194	1	pekkanyk-1127	175	9	f	f	f	f	1	f	0		f	f	t	2018-10-06 14:58:44.374	2018-10-06 14:59:22.973	f
742	30	620	62	10	mimalin-742	170	8	f	f	f	f	2	f	0	Plusmold	f	f	f	2018-05-04 11:11:41.803245	\N	f
1128	2	768	192	9	pekkanyk-1128	171	8	f	f	f	f	2	f	0		f	t	t	2018-10-06 14:59:46.856	2018-10-06 15:00:45.046	f
834	30	571	120	12	mimalin-834	175	8	f	f	f	f	2	f	0		f	f	f	2018-05-04 11:11:41.803245	\N	f
743	30	620	109	12	mimalin-743	172	8	f	f	f	f	4	f	0		f	f	f	2018-05-04 11:11:41.803245	\N	f
1126	2	772	192	8	pekkanyk-1126	175	8	f	f	f	f	2	f	0		f	t	t	2018-10-06 14:55:29.055	2018-10-06 15:00:55.616	f
584	30	734	82	3	mimalin-584	171	9	f	f	f	f	2	t	8		f	f	f	2018-05-04 11:11:41.803245	\N	f
585	30	694	115	12	mimalin-585	177	9	f	f	f	f	2	t	8		f	f	f	2018-05-04 11:11:41.803245	\N	f
583	30	783	91	14	mimalin-583	174	8	f	f	f	f	2	t	5		f	f	f	2018-05-04 11:11:41.803245	\N	f
802	30	1048	103	3	mimalin-802	171	9	f	f	f	f	2	f	0		f	f	f	2018-05-04 11:11:41.803245	\N	f
194	1	688	24	10	Bizhop-194	169	10	f	f	f	f	1	f	0		f	f	t	2018-05-04 11:11:41.803245	\N	f
191	1	857	16	10	Bizhop-191	171	9	f	f	f	f	1	t	5		f	f	t	2018-05-04 11:11:41.803245	\N	f
192	1	971	4	9	Bizhop-192	175	6	f	f	f	f	2	t	0		t	f	t	2018-05-04 11:11:41.803245	\N	f
217	1	688	24	8	Bizhop-217	175	8	f	f	f	f	4	f	0		f	f	t	2018-05-04 11:11:41.803245	2021-06-22 11:58:46.146	f
836	30	571	120	14	mimalin-836	175	8	f	f	f	f	2	f	0		f	f	f	2018-05-04 11:11:41.803245	\N	f
803	30	691	24	8	mimalin-803	175	10	f	t	f	f	1	f	0	European Open	f	f	f	2018-05-04 11:11:41.803245	\N	f
804	30	691	24	12	mimalin-804	175	10	f	t	f	f	1	f	0	European Open	f	f	f	2018-05-04 11:11:41.803245	\N	f
807	30	846	24	4	mimalin-807	175	10	f	t	f	f	1	f	0	Presidents Cup MMXVII	f	f	f	2018-05-04 11:11:41.803245	\N	f
837	30	571	41	6	mimalin-837	177	9	f	t	f	f	2	f	0		f	f	f	2018-05-04 11:11:41.803245	\N	f
808	30	846	24	8	mimalin-808	175	10	f	t	f	f	1	f	0	Presidents Cup MMXVII	f	f	f	2018-05-04 11:11:41.803245	\N	f
809	30	690	24	12	mimalin-809	175	10	f	t	f	f	2	f	0	Eagle McMahon	f	f	f	2018-05-04 11:11:41.803245	\N	f
838	30	868	120	12	mimalin-838	172	9	f	f	f	f	2	f	0		f	f	f	2018-05-04 11:11:41.803245	\N	f
839	30	868	120	3	mimalin-839	172	8	f	f	f	f	2	f	0		f	f	f	2018-05-04 11:11:41.803245	\N	f
213	1	866	56	14	Bizhop-213	173	8	t	f	f	f	1	f	0		f	f	t	2018-05-04 11:11:41.803245	\N	f
188	1	638	35	3	Bizhop-188	175	9	f	f	f	f	1	f	0	X-out	f	f	t	2018-05-04 11:11:41.803245	\N	f
210	1	571	56	14	Bizhop-210	177	8	t	f	f	f	1	f	0		f	f	t	2018-05-04 11:11:41.803245	\N	f
840	30	764	73	12	mimalin-840	169	8	f	f	f	f	2	f	0		f	f	f	2018-05-04 11:11:41.803245	\N	f
512	30	757	124	3	mimalin-512	175	8	f	f	f	f	2	f	0		f	f	f	2018-05-04 11:11:41.803245	\N	f
744	30	608	62	15	mimalin-744	171	8	f	f	f	f	2	f	0		f	f	f	2018-05-04 11:11:41.803245	\N	f
745	30	608	62	12	mimalin-745	175	9	f	f	f	f	2	f	0		f	f	f	2018-05-04 11:11:41.803245	\N	f
514	30	757	124	3	mimalin-514	175	8	f	f	f	f	2	f	0		f	f	f	2018-05-04 11:11:41.803245	\N	f
746	30	608	62	12	mimalin-746	175	8	f	t	f	f	2	f	0		f	f	f	2018-05-04 11:11:41.803245	\N	f
528	30	757	124	13	mimalin-528	174	8	f	f	f	f	2	f	0		f	f	f	2018-05-04 11:11:41.803245	\N	f
841	30	764	73	12	mimalin-841	169	8	f	f	f	f	2	f	0		f	f	f	2018-05-04 11:11:41.803245	\N	f
530	30	757	124	7	mimalin-530	175	8	f	f	f	f	2	f	0		f	f	f	2018-05-04 11:11:41.803245	\N	f
747	30	576	25	3	mimalin-747	175	8	f	f	f	f	2	f	0		f	f	f	2018-05-04 11:11:41.803245	\N	f
749	30	608	25	15	mimalin-749	171	8	f	f	f	f	2	f	0		f	f	f	2018-05-04 11:11:41.803245	\N	f
750	30	608	25	3	mimalin-750	169	7	f	f	f	f	1	f	0		f	f	f	2018-05-04 11:11:41.803245	\N	f
751	30	626	25	3	mimalin-751	171	8	f	f	f	f	2	f	0		f	f	f	2018-05-04 11:11:41.803245	\N	f
752	30	626	25	3	mimalin-752	172	7	f	f	f	f	4	f	0		f	f	f	2018-05-04 11:11:41.803245	\N	f
753	30	621	62	13	mimalin-753	175	9	f	f	f	f	2	f	0		f	f	f	2018-05-04 11:11:41.803245	\N	f
842	30	767	73	10	mimalin-842	170	9	f	f	f	f	2	f	0		f	f	f	2018-05-04 11:11:41.803245	\N	f
763	30	1047	24	12	mimalin-763	180	10	f	t	f	f	1	f	0		f	f	f	2018-05-04 11:11:41.803245	\N	f
500	30	757	124	9	mimalin-500	175	8	f	f	f	f	2	f	0		f	t	f	2018-05-04 11:11:41.803245	\N	f
764	30	1047	24	12	mimalin-764	180	8	f	t	f	f	2	f	0		f	f	f	2018-05-04 11:11:41.803245	\N	f
843	30	767	73	10	mimalin-843	170	9	f	f	f	f	2	f	0		f	f	f	2018-05-04 11:11:41.803245	\N	f
765	30	1047	24	3	mimalin-765	180	8	f	f	f	f	2	f	0		f	f	f	2018-05-04 11:11:41.803245	\N	f
844	30	765	73	12	mimalin-844	172	8	f	f	f	f	2	f	0		f	f	f	2018-05-04 11:11:41.803245	\N	f
845	30	768	54	1	mimalin-845	172	8	f	f	f	f	2	f	0		f	f	f	2018-05-04 11:11:41.803245	\N	f
767	30	680	156	13	mimalin-767	180	8	t	t	f	f	2	f	0	Eagle McMahon	f	f	f	2018-05-04 11:11:41.803245	\N	f
766	30	680	156	9	mimalin-766	180	8	t	t	f	f	2	f	0	Eagle McMahon	f	f	f	2018-05-04 11:11:41.803245	\N	f
762	30	1047	156	14	mimalin-762	180	8	t	t	f	f	2	f	0	Lizotte	f	f	f	2018-05-04 11:11:41.803245	\N	f
805	30	691	24	3	mimalin-805	172	8	f	f	f	f	2	f	0		f	f	f	2018-05-04 11:11:41.803245	\N	f
806	30	691	103	3	mimalin-806	171	8	f	f	f	f	2	f	0		f	f	f	2018-05-04 11:11:41.803245	\N	f
846	30	769	54	11	mimalin-846	174	9	f	f	f	f	2	f	0		f	f	f	2018-05-04 11:11:41.803245	\N	f
847	30	778	54	12	mimalin-847	169	8	f	f	f	f	4	f	0		f	f	f	2018-05-04 11:11:41.803245	\N	f
848	30	778	54	12	mimalin-848	176	8	f	t	f	f	2	f	0	Apina logo	f	f	f	2018-05-04 11:11:41.803245	\N	f
209	1	669	141	14	Bizhop-209	175	8	t	f	f	f	1	f	0		f	f	t	2018-05-04 11:11:41.803245	\N	f
532	30	757	124	7	mimalin-532	175	8	f	f	f	f	2	f	0		f	f	f	2018-05-04 11:11:41.803245	\N	f
535	30	757	124	12	mimalin-535	174	8	f	f	f	f	2	f	0		f	f	f	2018-05-04 11:11:41.803245	\N	f
537	30	757	124	7	mimalin-537	174	8	f	f	f	f	2	f	0		f	f	f	2018-05-04 11:11:41.803245	\N	f
754	30	570	92	4	mimalin-754	169	8	f	f	f	f	2	f	0		f	f	f	2018-05-04 11:11:41.803245	\N	f
539	30	757	124	12	mimalin-539	174	8	f	f	f	f	2	f	0		f	f	f	2018-05-04 11:11:41.803245	\N	f
755	30	1045	21	14	mimalin-755	173	10	f	t	f	f	1	f	0	Viikinki invaasio 2017	f	f	f	2018-05-04 11:11:41.803245	\N	f
756	30	642	25	10	mimalin-756	177	10	f	f	f	f	1	f	0		f	f	f	2018-05-04 11:11:41.803245	\N	f
757	30	642	25	12	mimalin-757	177	8	f	f	f	f	2	f	0		f	f	f	2018-05-04 11:11:41.803245	\N	f
758	30	642	25	10	mimalin-758	177	8	f	f	f	f	2	f	0		f	f	f	2018-05-04 11:11:41.803245	\N	f
212	1	611	142	14	Bizhop-212	175	8	t	t	f	f	1	f	0	Hypno huk	f	f	t	2018-05-04 11:11:41.803245	\N	f
547	30	757	122	12	mimalin-547	174	8	f	t	f	f	4	f	0	Blueberry Edition	f	f	f	2018-05-04 11:11:41.803245	\N	f
555	30	669	155	12	mimalin-555	170	7	f	f	f	f	3	t	5	Yeti pro Aviar	f	f	f	2018-05-04 11:11:41.803245	\N	f
849	30	784	27	12	mimalin-849	174	8	f	f	f	f	2	f	0	Apina logo	f	f	f	2018-05-04 11:11:41.803245	\N	f
219	1	687	103	10	Bizhop-219	170	8	f	f	f	f	1	f	0		f	f	t	2018-05-04 11:11:41.803245	2018-07-06 17:33:09.191	f
183	1	577	25	12	Bizhop-183	175	7	f	f	f	f	2	f	0	Hukkui Rantasalmen #8 lampeen	f	f	t	2018-05-04 11:11:41.803245	2018-07-31 19:07:00.902	t
203	1	642	25	7	Bizhop-203	177	8	f	f	f	f	1	t	5		f	f	t	2018-05-04 11:11:41.803245	\N	f
768	30	648	76	14	mimalin-768	180	8	t	t	f	f	2	f	0	Paul McBeth	f	f	f	2018-05-04 11:11:41.803245	\N	f
193	1	809	81	7	Bizhop-193	156	10	f	t	f	f	1	f	0	PDGA	f	f	t	2018-05-04 11:11:41.803245	\N	f
220	1	577	142	14	Bizhop-220	175	8	t	t	f	f	2	f	0	Nate Sexton tour series	f	t	t	2018-05-04 11:11:41.803245	\N	f
224	1	569	24	15	Bizhop-224	171	9	f	t	f	f	2	f	0	Lizotte stamp	f	f	t	2018-05-04 11:11:41.803245	2018-07-02 11:50:09.604	f
226	1	569	103	8	Bizhop-226	172	7	f	f	f	f	2	f	0		f	t	t	2018-05-04 11:11:41.803245	2019-07-22 22:50:52.314	f
552	30	675	85	9	mimalin-552	171	10	f	f	f	f	1	t	10		f	f	f	2018-05-04 11:11:41.803245	\N	f
769	30	648	76	14	mimalin-769	180	8	t	t	f	f	2	f	0	Paul McBeth	f	f	f	2018-05-04 11:11:41.803245	\N	f
553	30	675	103	8	mimalin-553	172	10	f	f	f	f	1	t	12		f	f	f	2018-05-04 11:11:41.803245	\N	f
852	30	713	115	6	mimalin-852	173	9	f	t	t	f	2	f	0		f	f	f	2018-05-04 11:11:41.803245	\N	f
554	30	675	32	10	mimalin-554	175	7	f	f	f	f	4	f	0		f	f	f	2018-05-04 11:11:41.803245	\N	f
853	30	713	117	10	mimalin-853	174	8	f	f	f	f	2	f	0		f	f	f	2018-05-04 11:11:41.803245	\N	f
556	30	675	143	13	mimalin-556	175	8	f	f	f	f	2	f	0		f	f	f	2018-05-04 11:11:41.803245	\N	f
557	30	675	143	13	mimalin-557	175	8	f	f	f	f	2	f	0		f	f	f	2018-05-04 11:11:41.803245	\N	f
558	30	675	32	4	mimalin-558	175	8	f	f	f	f	2	f	0		f	t	f	2018-05-04 11:11:41.803245	\N	f
559	30	675	32	4	mimalin-559	175	8	f	f	f	f	2	f	0		f	f	f	2018-05-04 11:11:41.803245	\N	f
561	30	754	123	12	mimalin-561	175	7	f	f	f	f	2	f	0		f	f	f	2018-05-04 11:11:41.803245	\N	f
854	30	713	115	1	mimalin-854	175	10	f	t	f	f	1	f	0	Tyyni 2017	f	f	f	2018-05-04 11:11:41.803245	\N	f
772	30	637	25	3	mimalin-772	180	8	f	f	f	f	2	f	0		f	f	f	2018-05-04 11:11:41.803245	\N	f
771	30	1067	25	10	mimalin-771	180	8	f	f	f	f	2	f	0	RocX3	f	f	f	2018-05-04 11:11:41.803245	\N	f
761	30	1047	156	14	mimalin-761	180	8	t	t	f	f	2	f	0	Lizotte	f	f	f	2018-05-04 11:11:41.803245	\N	f
562	30	675	32	12	mimalin-562	175	9	f	t	f	f	1	t	5		f	f	f	2018-05-04 11:11:41.803245	\N	f
896	30	716	117	10	mimalin-896	175	8	f	f	f	f	2	f	0		f	f	f	2018-05-04 11:11:41.803245	\N	f
858	30	1056	117	3	mimalin-858	172	9	f	t	f	f	2	f	0	tyyni Ahti	f	f	f	2018-05-04 11:11:41.803245	\N	f
227	1	569	55	10	Bizhop-227	171	8	f	f	f	f	2	f	0		f	f	t	2018-05-04 11:11:41.803245	2018-07-06 17:29:02.523	f
228	1	572	41	15	Bizhop-228	178	8	f	f	f	f	2	f	0		f	f	t	2018-05-04 11:11:41.803245	2018-07-06 17:29:14.928	f
859	30	701	38	10	mimalin-859	174	8	f	f	f	f	2	f	0		f	f	f	2018-05-04 11:11:41.803245	\N	f
216	1	869	56	14	Bizhop-216	173	10	t	f	f	f	1	f	0		f	f	t	2018-05-04 11:11:41.803245	2018-07-06 17:29:33.535	f
201	1	711	115	14	Bizhop-201	177	9	f	t	t	f	1	f	0	Invaasio 2016	f	f	t	2018-05-04 11:11:41.803245	2018-07-06 17:29:44.378	f
856	30	714	38	4	mimalin-856	173	9	f	f	f	f	2	f	0		f	f	f	2018-05-04 11:11:41.803245	\N	f
857	30	708	117	12	mimalin-857	174	9	f	f	f	f	2	f	0		f	f	f	2018-05-04 11:11:41.803245	\N	f
897	30	712	117	3	mimalin-897	179	8	f	f	f	f	2	f	0		f	f	f	2018-05-04 11:11:41.803245	\N	f
860	30	1062	117	3	mimalin-860	173	10	f	t	f	f	1	f	0	Viikinki invaasio 2017	f	f	f	2018-05-04 11:11:41.803245	\N	f
861	30	1062	117	12	mimalin-861	174	10	f	t	f	f	1	f	0	Viikinki invaasio 2017	f	f	f	2018-05-04 11:11:41.803245	\N	f
902	30	738	53	3	mimalin-902	171	8	f	f	f	f	2	f	0		f	f	f	2018-05-04 11:11:41.803245	\N	f
893	30	711	115	3	mimalin-893	168	8	f	f	f	f	2	f	0		f	f	f	2018-05-04 11:11:41.803245	\N	f
898	30	723	83	3	mimalin-898	155	8	f	f	f	f	2	f	0		f	f	f	2018-05-04 11:11:41.803245	\N	f
894	30	711	115	3	mimalin-894	169	8	f	f	f	f	2	f	0		f	f	f	2018-05-04 11:11:41.803245	\N	f
895	30	716	117	3	mimalin-895	176	8	f	f	f	f	2	f	0		f	f	f	2018-05-04 11:11:41.803245	\N	f
909	30	598	109	10	mimalin-909	172	7	f	f	f	f	3	f	0		f	f	f	2018-05-04 11:11:41.803245	\N	f
899	30	726	82	3	mimalin-899	170	8	f	f	f	f	2	f	0		f	f	f	2018-05-04 11:11:41.803245	\N	f
903	30	738	83	15	mimalin-903	155	9	f	f	f	f	2	f	0		f	f	f	2018-05-04 11:11:41.803245	\N	f
900	30	741	82	6	mimalin-900	174	9	f	t	f	f	2	f	0	Tyyni 2017	f	f	f	2018-05-04 11:11:41.803245	\N	f
901	30	853	107	7	mimalin-901	143	10	f	t	f	f	1	f	0	First run	f	f	f	2018-05-04 11:11:41.803245	\N	f
906	30	700	117	3	mimalin-906	168	8	f	f	f	f	1	f	0		f	f	f	2018-05-04 11:11:41.803245	\N	f
904	30	738	58	6	mimalin-904	174	8	f	t	t	f	2	f	0		f	f	f	2018-05-04 11:11:41.803245	\N	f
905	30	739	82	3	mimalin-905	172	10	f	f	f	f	2	f	0		f	f	f	2018-05-04 11:11:41.803245	\N	f
908	30	602	62	3	mimalin-908	170	8	f	f	f	f	4	f	0		f	f	f	2018-05-04 11:11:41.803245	\N	f
907	30	595	98	3	mimalin-907	169	8	f	f	f	f	2	f	0		f	f	f	2018-05-04 11:11:41.803245	\N	f
910	30	612	25	10	mimalin-910	175	7	f	f	f	f	3	f	0		f	f	f	2018-05-04 11:11:41.803245	\N	f
911	30	634	62	3	mimalin-911	170	8	f	f	f	f	2	f	0		f	f	f	2018-05-04 11:11:41.803245	\N	f
912	30	644	62	1	mimalin-912	180	8	f	f	f	f	2	f	0		f	f	f	2018-05-04 11:11:41.803245	\N	f
915	30	610	25	8	mimalin-915	172	6	f	f	f	f	2	f	0		f	f	f	2018-05-04 11:11:41.803245	\N	f
810	30	690	24	12	mimalin-810	175	9	f	t	f	f	2	f	0	Innovastore	f	f	f	2018-05-04 11:11:41.803245	\N	f
923	30	964	13	10	mimalin-923	173	7	f	f	f	f	3	f	0	F3 proto	f	f	f	2018-05-04 11:11:41.803245	\N	f
815	30	592	18	3	mimalin-815	158	9	f	f	f	f	2	f	0		f	f	f	2018-05-04 11:11:41.803245	\N	f
916	30	612	25	12	mimalin-916	175	8	f	f	f	f	4	f	0		f	f	f	2018-05-04 11:11:41.803245	\N	f
816	30	597	18	12	mimalin-816	157	8	f	f	f	f	2	f	0		f	f	f	2018-05-04 11:11:41.803245	\N	f
682	30	570	109	3	mimalin-682	175	7	f	t	f	f	2	f	0	AJ dessu	f	f	f	2018-05-04 11:11:41.803245	\N	f
683	30	570	62	3	mimalin-683	172	8	f	f	f	f	2	f	0	Musta stämppi	f	t	f	2018-05-04 11:11:41.803245	\N	f
684	30	570	62	3	mimalin-684	175	10	f	f	f	f	2	f	0	Hopea stämppi	f	f	f	2018-05-04 11:11:41.803245	\N	f
817	30	597	18	10	mimalin-817	159	8	f	t	f	f	2	f	0		f	f	f	2018-05-04 11:11:41.803245	\N	f
685	30	570	62	3	mimalin-685	172	10	f	f	f	f	2	f	0	Vihreä stämppi	f	f	f	2018-05-04 11:11:41.803245	\N	f
686	30	570	62	3	mimalin-686	172	10	f	f	f	f	1	f	0	Musta stämppi	f	f	f	2018-05-04 11:11:41.803245	\N	f
687	30	570	62	3	mimalin-687	172	10	f	f	f	f	1	f	0	Vihreä stämppi	f	f	f	2018-05-04 11:11:41.803245	\N	f
818	30	608	25	10	mimalin-818	175	8	f	f	f	f	2	f	0		f	f	f	2018-05-04 11:11:41.803245	\N	f
688	30	570	109	13	mimalin-688	171	9	f	f	f	f	1	f	0	Pauli dessu	f	f	f	2018-05-04 11:11:41.803245	\N	f
689	30	570	153	13	mimalin-689	167	9	t	t	f	t	2	f	0	Philo dessu	f	f	f	2018-05-04 11:11:41.803245	\N	f
917	30	592	25	14	mimalin-917	175	8	f	t	f	f	4	f	0	bottom stämp	f	f	f	2018-05-04 11:11:41.803245	\N	f
690	30	570	153	9	mimalin-690	167	9	t	t	f	t	2	f	0	Philo dessu	f	f	f	2018-05-04 11:11:41.803245	\N	f
819	30	639	25	8	mimalin-819	175	10	f	t	f	f	1	f	0		f	f	f	2018-05-04 11:11:41.803245	\N	f
820	30	639	25	10	mimalin-820	175	9	f	t	f	f	2	f	0		f	f	f	2018-05-04 11:11:41.803245	\N	f
821	30	590	18	8	mimalin-821	158	8	f	f	f	f	2	f	0		f	f	f	2018-05-04 11:11:41.803245	\N	f
551	30	757	82	1	mimalin-551	172	8	f	t	f	f	4	f	0		f	f	f	2018-05-04 11:11:41.803245	\N	f
918	30	669	35	14	mimalin-918	150	8	f	f	f	f	4	f	0		f	f	f	2018-05-04 11:11:41.803245	\N	f
924	30	959	12	9	mimalin-924	153	7	f	f	f	f	4	f	0		f	f	f	2018-05-04 11:11:41.803245	\N	f
919	30	646	35	12	mimalin-919	150	8	f	f	f	f	4	f	0		f	f	f	2018-05-04 11:11:41.803245	\N	f
920	30	669	35	3	mimalin-920	175	8	f	t	f	f	2	f	0	30 years of Aviar flying discs	f	f	f	2018-05-04 11:11:41.803245	\N	f
921	30	958	7	15	mimalin-921	174	9	f	f	f	f	2	f	0		f	f	f	2018-05-04 11:11:41.803245	\N	f
922	30	965	7	13	mimalin-922	167	8	f	f	f	f	2	f	0		f	f	f	2018-05-04 11:11:41.803245	\N	f
691	30	570	153	9	mimalin-691	175	10	t	t	f	f	2	f	0		f	f	f	2018-05-04 11:11:41.803245	\N	f
692	30	570	153	9	mimalin-692	175	10	t	t	f	f	2	f	0		f	f	f	2018-05-04 11:11:41.803245	\N	f
693	30	570	62	10	mimalin-693	172	8	f	f	f	f	2	f	0		f	t	f	2018-05-04 11:11:41.803245	\N	f
695	30	570	62	10	mimalin-695	172	10	f	f	f	f	2	f	0		f	f	f	2018-05-04 11:11:41.803245	\N	f
694	30	570	62	10	mimalin-694	172	10	f	f	f	f	1	f	0		f	f	f	2018-05-04 11:11:41.803245	\N	f
696	30	570	62	8	mimalin-696	172	10	f	f	f	f	1	f	0		f	f	f	2018-05-04 11:11:41.803245	\N	f
697	30	570	62	8	mimalin-697	171	10	f	f	f	f	1	f	0		f	f	f	2018-05-04 11:11:41.803245	\N	f
698	30	768	74	4	mimalin-698	156	10	f	f	f	f	1	f	0		f	f	f	2018-05-04 11:11:41.803245	\N	f
699	30	768	74	4	mimalin-699	156	8	f	f	f	f	2	f	0		f	t	f	2018-05-04 11:11:41.803245	\N	f
700	30	768	73	3	mimalin-700	173	8	f	f	f	f	2	f	0		f	f	f	2018-05-04 11:11:41.803245	\N	f
701	30	768	73	3	mimalin-701	173	9	f	f	f	f	2	f	0		f	f	f	2018-05-04 11:11:41.803245	\N	f
702	30	768	74	3	mimalin-702	158	9	f	f	f	f	2	f	0		f	f	f	2018-05-04 11:11:41.803245	\N	f
703	30	768	74	3	mimalin-703	158	9	f	f	f	f	2	f	0		f	f	f	2018-05-04 11:11:41.803245	\N	f
704	30	768	74	10	mimalin-704	158	10	f	f	f	f	1	f	0		f	f	f	2018-05-04 11:11:41.803245	\N	f
705	30	768	91	14	mimalin-705	174	7	f	f	f	f	2	f	0		f	f	f	2018-05-04 11:11:41.803245	\N	f
706	30	587	153	13	mimalin-706	171	9	t	t	f	f	2	f	0		f	f	f	2018-05-04 11:11:41.803245	\N	f
707	30	587	153	13	mimalin-707	175	10	t	t	f	f	1	f	0		f	f	f	2018-05-04 11:11:41.803245	\N	f
709	30	587	109	1	mimalin-709	175	9	f	t	f	f	2	f	0	Mini stämp	f	f	f	2018-05-04 11:11:41.803245	\N	f
710	30	587	153	9	mimalin-710	175	8	t	t	f	f	2	f	0		f	f	f	2018-05-04 11:11:41.803245	\N	f
711	30	587	153	9	mimalin-711	175	8	t	t	f	f	2	f	0		f	f	f	2018-05-04 11:11:41.803245	\N	f
712	30	568	110	3	mimalin-712	145	8	f	f	f	f	4	f	0		f	f	f	2018-05-04 11:11:41.803245	\N	f
713	30	596	25	3	mimalin-713	167	8	f	f	f	f	2	f	0		f	f	f	2018-05-04 11:11:41.803245	\N	f
714	30	596	25	12	mimalin-714	164	8	f	f	f	f	4	f	0		f	t	f	2018-05-04 11:11:41.803245	\N	f
792	30	669	62	12	mimalin-792	175	9	f	f	f	f	2	t	8		f	f	f	2018-05-04 11:11:41.803245	\N	f
715	30	596	62	8	mimalin-715	171	9	f	f	f	f	4	f	0		f	f	f	2018-05-04 11:11:41.803245	\N	f
716	30	596	25	6	mimalin-716	175	9	f	t	t	f	2	f	0		f	f	f	2018-05-04 11:11:41.803245	\N	f
717	30	577	25	8	mimalin-717	171	10	f	f	f	f	1	f	0		f	f	f	2018-05-04 11:11:41.803245	\N	f
793	30	592	18	3	mimalin-793	157	8	f	f	f	f	1	f	0		f	f	f	2018-05-04 11:11:41.803245	\N	f
794	30	688	55	12	mimalin-794	175	9	f	f	f	f	2	f	0		f	f	f	2018-05-04 11:11:41.803245	\N	f
795	30	688	24	12	mimalin-795	171	8	f	f	f	f	2	f	0		f	f	f	2018-05-04 11:11:41.803245	\N	f
796	30	688	24	15	mimalin-796	170	8	f	t	f	f	2	f	0	Lizotte	f	f	f	2018-05-04 11:11:41.803245	\N	f
797	30	675	24	3	mimalin-797	175	8	f	t	f	f	2	f	0	Lizotte Sky God	f	f	f	2018-05-04 11:11:41.803245	\N	f
811	30	591	25	6	mimalin-811	175	9	f	t	t	f	2	f	0		f	f	f	2018-05-04 11:11:41.803245	\N	f
812	30	591	62	12	mimalin-812	168	8	f	f	f	f	2	f	0		f	f	f	2018-05-04 11:11:41.803245	\N	f
718	30	577	25	10	mimalin-718	171	8	f	f	f	f	2	f	0		f	f	f	2018-05-04 11:11:41.803245	\N	f
719	30	577	62	8	mimalin-719	175	8	f	f	f	f	2	f	0		f	f	f	2018-05-04 11:11:41.803245	\N	f
720	30	577	25	15	mimalin-720	166	7	f	f	f	f	4	f	0		f	f	f	2018-05-04 11:11:41.803245	\N	f
814	30	592	36	15	mimalin-814	175	9	f	f	f	f	2	f	0		f	f	f	2018-05-04 11:11:41.803245	\N	f
721	30	577	153	4	mimalin-721	175	8	t	t	f	f	2	f	0		f	t	f	2018-05-04 11:11:41.803245	\N	f
722	30	577	153	13	mimalin-722	175	8	t	t	f	f	2	f	0		f	t	f	2018-05-04 11:11:41.803245	\N	f
723	30	577	153	13	mimalin-723	175	10	t	t	f	f	1	f	0		f	f	f	2018-05-04 11:11:41.803245	\N	f
724	30	577	153	13	mimalin-724	175	10	t	t	f	f	1	f	0		f	f	f	2018-05-04 11:11:41.803245	\N	f
725	30	577	153	4	mimalin-725	175	10	t	t	f	f	1	f	0		f	f	f	2018-05-04 11:11:41.803245	\N	f
726	30	569	103	3	mimalin-726	172	10	f	f	f	f	1	f	0		f	f	f	2018-05-04 11:11:41.803245	\N	f
728	30	569	103	3	mimalin-728	172	9	f	f	f	f	2	f	0		f	t	f	2018-05-04 11:11:41.803245	\N	f
729	30	569	32	12	mimalin-729	171	9	f	f	f	f	2	f	0		f	f	f	2018-05-04 11:11:41.803245	\N	f
730	30	569	24	8	mimalin-730	175	8	f	f	f	f	2	f	0		f	t	f	2018-05-04 11:11:41.803245	\N	f
731	30	569	24	12	mimalin-731	175	8	f	f	f	f	2	f	0		f	f	f	2018-05-04 11:11:41.803245	\N	f
1132	33	1061	27	9	Ilkka-1132	175	7	f	f	f	f	1	f	0		f	f	t	2019-05-07 08:25:16.758	2019-05-07 08:26:06.283	f
1130	1	571	45	6	Bisse-1130	177	10	f	f	f	t	1	f	0		f	f	t	2019-01-19 18:41:24.13	2019-01-19 18:42:06.064	f
1131	1	854	41	10	Bisse-1131	174	10	f	f	f	f	1	f	0		f	f	t	2019-01-19 18:42:43.687	2019-01-19 18:43:15.908	f
1133	33	766	54	14	Ilkka-1133	172	8	f	f	f	f	2	f	0		f	f	t	2019-05-07 08:26:54.697	2019-05-07 08:27:39.283	f
1135	33	771	73	9	Ilkka-1135	173	9	f	f	f	f	2	f	0		f	f	t	2019-05-07 08:28:47.377	2019-05-07 08:29:31.009	f
1136	33	771	73	9	Ilkka-1136	174	10	f	f	f	f	1	f	0		f	f	t	2019-05-07 08:32:08.866	2019-05-07 08:32:45.734	f
1137	33	1061	27	9	Ilkka-1137	175	10	f	f	f	f	1	f	0		f	f	t	2019-05-07 08:34:59.18	2019-05-07 08:35:31.582	f
1139	33	777	54	6	Ilkka-1139	175	10	f	f	f	f	1	f	0		f	f	t	2019-05-07 08:36:48.677	2019-05-07 08:37:17.476	f
1140	33	621	25	13	Ilkka-1140	175	10	f	f	f	f	1	f	0		f	f	t	2019-05-07 08:41:03.757	2019-05-07 08:41:42.907	f
1141	33	771	73	8	Ilkka-1141	175	10	f	f	f	f	5	f	0		f	f	t	2019-05-07 08:44:58.835	2019-05-07 08:45:24.95	f
1142	33	1054	58	14	Ilkka-1142	174	10	f	f	f	f	5	f	0		f	f	t	2019-05-07 08:46:15.034	2019-05-07 08:47:00.7	f
1143	33	739	58	8	Ilkka-1143	175	10	f	f	f	f	5	f	0		f	f	t	2019-05-07 08:47:33.708	2019-05-07 08:48:06.121	f
1144	33	1054	82	9	Ilkka-1144	175	10	f	f	f	f	5	f	0		f	f	t	2019-05-07 08:48:21.737	2019-05-07 08:49:07.158	f
1145	33	1061	27	2	Ilkka-1145	175	10	f	f	f	f	5	f	0		f	f	t	2019-05-07 08:50:06.696	2019-05-07 08:50:37.36	f
1147	33	715	20	14	Ilkka-1147	175	10	f	f	f	f	1	f	0		f	f	t	2019-05-07 08:51:06.69	2019-05-07 08:52:25.519	f
235	1	659	119	8	Bizhop-235	175	8	f	f	f	f	2	f	0		f	f	t	2018-05-04 11:11:41.803245	2018-09-27 08:17:32.51	f
233	1	1050	109	3	Bizhop-233	173	8	f	f	f	f	2	f	0		f	f	t	2018-05-04 11:11:41.803245	2018-09-27 08:17:42.348	f
234	1	1050	35	8	Bizhop-234	172	8	f	f	f	f	2	f	0		f	f	t	2018-05-04 11:11:41.803245	2018-09-27 08:17:50.419	f
237	1	669	119	10	Bizhop-237	173	8	f	f	f	f	2	f	0		f	f	t	2018-05-04 11:11:41.803245	2018-09-27 08:17:58.472	f
236	1	669	119	8	Bizhop-236	173	8	f	f	f	f	2	f	0		f	f	t	2018-05-04 11:11:41.803245	2018-09-27 08:18:11.074	f
1068	1	594	109	14	Bisse-1068	175	10	f	f	f	f	1	f	0		f	f	t	2018-05-17 11:26:22.105	2018-05-17 11:26:48.484	f
222	1	610	109	10	Bizhop-222	167	8	f	f	f	f	2	f	0		f	f	t	2018-05-04 11:11:41.803245	2018-05-22 10:02:35.679	f
231	1	642	119	7	Bizhop-231	175	8	f	f	f	f	2	f	5		f	f	t	2018-05-04 11:11:41.803245	2018-05-22 10:03:18.454	f
190	1	854	120	3	Bizhop-190	173	8	f	f	f	f	2	f	0		f	f	t	2018-05-04 11:11:41.803245	\N	f
1069	30	682	103	9	mimalin-1069	175	10	f	t	f	f	1	f	0	Konopiste Open red stamp	f	f	f	2018-05-18 09:58:41.134	2018-05-18 10:00:11.832	f
1070	30	682	103	9	mimalin-1070	175	10	f	t	f	f	1	f	0	Konopiste Open turquoise stamp	f	f	f	2018-05-18 10:00:36.864	2018-05-18 10:01:27.495	f
946	16	777	152	14	Tuomassi-946	177	10	t	f	f	f	1	f	0		f	f	t	2018-05-04 11:11:41.803245	\N	f
204	1	571	41	15	Bizhop-204	176	8	f	f	f	f	3	f	0	Siltamäki #4	f	f	t	2018-05-04 11:11:41.803245	\N	f
189	1	669	35	15	Bizhop-189	112	8	f	f	f	f	1	f	0		f	f	t	2018-05-04 11:11:41.803245	\N	f
208	1	669	119	10	Bizhop-208	171	10	f	f	f	f	1	f	0		f	f	t	2018-05-04 11:11:41.803245	\N	f
214	1	888	56	14	Bizhop-214	173	8	t	f	f	f	1	f	0		f	f	t	2018-05-04 11:11:41.803245	\N	f
74	2	596	109	8	kiekko_1490864975.jpg	171	8	f	f	t	f	2	f	0		f	f	t	2018-05-04 11:11:41.803245	2018-07-22 18:35:24.625	f
108	2	608	109	3	kiekko_1490876577.jpg	172	7	f	f	t	f	4	f	0	HIO, Tali #2, Beast-L	f	f	t	2018-05-04 11:11:41.803245	2018-07-22 18:36:36.707	f
400	2	573	4	9	Hormoni-400	173	8	f	t	f	f	2	f	8	Seppo Paju	f	f	t	2018-05-04 11:11:41.803245	2018-07-22 18:36:44.366	f
109	2	571	41	10	kiekko_1490876684.jpg	179	8	f	f	t	f	4	f	0	HIO, Söderkulla #2	f	t	t	2018-05-04 11:11:41.803245	\N	f
467	2	777	54	14	pekkanyk-467	180	8	f	f	t	f	2	f	0		f	f	t	2018-05-04 11:11:41.803245	\N	f
118	2	608	25	12	kiekko_1490878803.jpg	176	8	f	f	f	f	1	f	0	Beast-x mold	f	f	t	2018-05-04 11:11:41.803245	\N	f
9	2	694	115	3	kiekko_1490128320.jpg	177	9	f	f	f	f	2	f	0		f	t	t	2018-05-04 11:11:41.803245	2018-07-29 06:21:29.306	f
239	2	1052	147	8	pekkanyk-239	174	10	f	f	f	f	1	f	0	1st run	f	f	t	2018-05-04 11:11:41.803245	\N	f
385	2	712	115	14	pekkanyk-385	179	9	f	f	f	f	1	f	0		f	f	t	2018-05-04 11:11:41.803245	\N	f
26	2	847	31	8	kiekko_1490204293.jpg	173	9	f	f	f	f	2	t	15	Tosi vakaa versio	f	f	t	2018-05-04 11:11:41.803245	\N	f
78	2	827	30	14	kiekko_1490865638.jpg	171	10	t	f	f	f	1	t	10		f	f	t	2018-05-04 11:11:41.803245	\N	f
3	2	844	24	9	kiekko_1490124214.jpg	168	9	f	t	f	f	2	f	20		f	f	t	2018-05-04 11:11:41.803245	\N	f
25	2	573	4	3	kiekko_1490204073.jpg	171	8	f	f	f	f	2	f	0		f	t	t	2018-05-04 11:11:41.803245	\N	f
380	2	1045	21	3	pekkanyk-380	173	9	f	f	f	f	1	f	0	Neon keltainen	f	t	t	2018-05-04 11:11:41.803245	\N	f
61	2	608	109	6	kiekko_1490857006.jpg	166	8	f	f	t	f	2	f	0	PFN, Beast-L	f	t	t	2018-05-04 11:11:41.803245	\N	f
5	2	669	62	6	kiekko_1490125508.jpg	170	10	f	f	t	f	1	f	0		f	f	t	2018-05-04 11:11:41.803245	\N	f
6	2	747	58	14	kiekko_1490126045.jpg	176	10	f	f	t	f	1	f	0	NBDG Talvisarja 2017 Osakilpailu 6/8 Ristikivi	f	f	t	2018-05-04 11:11:41.803245	\N	f
13	2	669	109	10	kiekko_1490162958.jpg	170	8	f	f	t	f	2	f	0		f	f	t	2018-05-04 11:11:41.803245	\N	f
14	2	757	82	8	kiekko_1490165106.jpg	171	9	f	f	f	f	2	f	0		f	f	t	2018-05-04 11:11:41.803245	\N	f
16	2	641	109	8	kiekko_1490174088.jpg	171	8	f	f	t	f	3	f	0	UV tuloste	f	f	t	2018-05-04 11:11:41.803245	\N	f
17	2	570	109	7	kiekko_1490175274.jpg	168	8	f	f	t	f	2	f	0	3 rivinen AJ	f	f	t	2018-05-04 11:11:41.803245	\N	f
18	2	570	109	6	kiekko_1490175562.jpg	170	8	f	f	t	f	2	f	0	Bottom Stamp	f	f	t	2018-05-04 11:11:41.803245	\N	f
100	2	848	16	14	kiekko_1490875736.jpg	173	7	f	f	f	f	2	f	0	Heijastinmaalia	f	f	t	2018-05-04 11:11:41.803245	\N	f
21	2	603	109	9	kiekko_1490186064.jpg	162	8	f	f	t	f	6	f	0		f	f	t	2018-05-04 11:11:41.803245	\N	f
28	2	591	62	5	kiekko_1490269934.jpg	167	9	f	f	f	f	2	f	0		f	f	t	2018-05-04 11:11:41.803245	\N	f
39	2	592	18	9	kiekko_1490336395.jpg	138	7	f	f	f	f	2	f	0		f	f	t	2018-05-04 11:11:41.803245	\N	f
950	2	854	45	9	Tuomassi-950	171	8	f	f	f	f	2	f	8	Kadonnut, Sibbe	f	f	t	2018-05-04 11:11:41.803245	2018-06-29 17:44:24.987	t
218	1	688	24	10	Bizhop-218	170	7	f	f	f	f	2	f	0		f	t	t	2018-05-04 11:11:41.803245	\N	f
185	1	584	90	3	Bizhop-185	178	8	f	f	t	f	2	f	0		f	f	t	2018-05-04 11:11:41.803245	\N	f
1167	1	709	23	10	Bisse-1167	175	10	f	f	f	f	2	f	0	Burst	f	t	t	2019-07-23 11:14:45.586	2019-08-21 07:06:57.812	f
196	1	569	24	8	Bizhop-196	175	9	f	f	f	f	3	f	0		f	f	t	2018-05-04 11:11:41.803245	\N	f
484	2	777	54	14	pekkanyk-484-1524654560530	179	8	f	f	t	f	1	f	0		f	t	t	2018-05-04 11:11:41.803245	2018-10-06 14:06:27.823	f
1156	33	639	25	15	Ilkka-1156	175	10	f	f	f	f	1	f	0	Luster Champion	f	f	t	2019-05-30 13:05:17.374	2019-05-30 13:07:35.631	f
58	2	634	62	12	kiekko_1490855489.jpg	175	8	f	f	f	f	2	f	8	Kadonnut, Hämeenlinna	f	f	t	2018-05-04 11:11:41.803245	2018-10-06 14:14:30.144	t
1165	1	1107	196	14	Bisse-1165	168	7	f	f	f	f	2	f	0		f	t	t	2019-07-23 11:12:35.676	2021-06-22 11:59:51.483	f
1166	1	709	23	10	Bisse-1166	175	10	f	f	f	f	1	f	0	Burst	f	t	t	2019-07-23 11:13:55.167	2019-08-21 07:03:06.233	f
1154	33	680	189	14	Ilkka-1154	180	10	t	f	f	f	1	f	0		f	f	t	2019-05-24 12:44:11.545	2019-05-24 12:45:12.618	f
187	1	626	35	8	Bizhop-187	174	5	f	f	f	f	3	f	0		t	f	t	2018-05-04 11:11:41.803245	\N	f
198	1	691	103	5	Bizhop-198	167	8	f	f	f	f	2	f	0		f	f	t	2018-05-04 11:11:41.803245	\N	f
207	1	667	35	3	Bizhop-207	174	8	f	f	f	f	2	f	0		f	f	t	2018-05-04 11:11:41.803245	\N	f
199	1	691	24	8	Bizhop-199	166	8	f	f	f	f	2	f	0		f	f	t	2018-05-04 11:11:41.803245	\N	f
200	1	587	109	8	Bizhop-200	167	8	f	f	f	f	2	f	0		f	f	t	2018-05-04 11:11:41.803245	\N	f
1148	33	969	7	9	Ilkka-1148	175	10	f	f	f	f	5	f	0		f	f	t	2019-05-07 08:59:40.211	2019-05-07 09:00:18.019	f
1149	33	715	117	11	Ilkka-1149	175	10	f	f	f	f	5	f	0		f	f	t	2019-05-07 09:00:35.03	2019-05-07 09:01:13.925	f
1157	33	621	25	3	Ilkka-1157	175	10	f	f	f	f	1	f	0	Luster Champion	f	f	t	2019-05-30 13:08:46.242	2019-05-30 13:09:44.062	f
1155	33	577	142	13	Ilkka-1155	175	10	f	f	f	f	1	f	0		f	f	t	2019-05-30 13:03:20.882	2019-05-30 13:04:17.979	f
205	1	571	41	3	Bizhop-205	178	8	f	f	f	f	2	f	0	Big Z, kadonnut Kivikko #1 lampeen	f	f	t	2018-05-04 11:11:41.803245	2019-06-11 09:31:29.25	t
1158	33	634	92	4	Ilkka-1158	180	10	f	f	f	f	1	f	0	Glow Pro	f	f	t	2019-05-30 13:10:05.064	2019-05-30 13:11:22.39	f
1152	33	1108	103	9	Ilkka-1152	168	10	f	f	f	f	1	f	0		f	f	t	2019-05-24 12:43:16.826	2019-08-12 09:40:33.622	f
1159	33	620	153	13	Ilkka-1159	175	10	f	f	f	f	1	f	0		f	f	t	2019-05-30 13:11:48.763	2019-05-30 13:12:26.4	f
1164	1	1107	196	14	Bisse-1164	168	10	f	f	f	f	1	f	0		f	f	t	2019-07-23 11:11:31.264	2019-07-23 11:12:04.596	f
1153	33	1108	103	9	Ilkka-1153	168	10	f	f	f	f	1	f	0		f	f	t	2019-05-24 12:43:43.71	2019-08-12 09:40:52.099	f
1151	33	1108	103	9	Ilkka-1151	175	10	f	f	f	f	1	f	0		f	f	t	2019-05-24 12:42:47.271	2019-08-12 09:41:06.214	f
41	2	577	25	8	kiekko_1490337853.jpg	175	8	f	f	f	f	2	f	0		f	f	t	2018-05-04 11:11:41.803245	\N	f
42	2	673	32	8	kiekko_1490339404.jpg	175	7	f	f	f	f	4	f	0	Heijastinmaalia	f	f	t	2018-05-04 11:11:41.803245	\N	f
43	2	850	33	8	kiekko_1490340034.jpg	174	9	f	f	t	f	2	f	0		f	f	t	2018-05-04 11:11:41.803245	\N	f
44	2	851	102	9	kiekko_1490342825.jpg	174	8	f	t	f	f	2	f	0		f	f	t	2018-05-04 11:11:41.803245	\N	f
46	2	595	98	8	kiekko_1490357575.jpg	169	8	f	f	f	f	2	f	0		f	f	t	2018-05-04 11:11:41.803245	\N	f
49	2	739	82	10	kiekko_1490429776.jpg	173	10	f	f	f	f	2	f	0		f	f	t	2018-05-04 11:11:41.803245	\N	f
50	2	853	107	7	kiekko_1490430743.jpg	143	10	f	f	f	f	1	f	0		f	f	t	2018-05-04 11:11:41.803245	\N	f
51	2	711	115	14	kiekko_1490433242.jpg	176	8	f	f	f	f	2	f	0		f	f	t	2018-05-04 11:11:41.803245	\N	f
56	2	855	45	6	kiekko_1490447728.jpg	173	8	f	f	f	f	2	f	0		f	f	t	2018-05-04 11:11:41.803245	\N	f
59	2	856	90	8	kiekko_1490855729.jpg	175	9	f	f	t	f	2	f	0		f	f	t	2018-05-04 11:11:41.803245	\N	f
62	2	576	25	12	kiekko_1490857267.jpg	175	9	f	f	f	f	2	f	0		f	f	t	2018-05-04 11:11:41.803245	\N	f
63	2	596	25	8	kiekko_1490857914.jpg	171	8	f	f	t	f	2	f	0		f	f	t	2018-05-04 11:11:41.803245	\N	f
66	2	688	24	14	kiekko_1490859864.jpg	172	8	t	f	f	f	2	f	0		f	f	t	2018-05-04 11:11:41.803245	\N	f
71	2	679	32	3	kiekko_1490864132.jpg	176	6	f	f	f	f	1	f	0		f	f	t	2018-05-04 11:11:41.803245	\N	f
77	2	806	95	12	kiekko_1490865397.jpg	175	9	f	f	t	f	2	f	0		f	f	t	2018-05-04 11:11:41.803245	\N	f
80	2	749	58	14	kiekko_1490865993.jpg	178	9	f	f	f	f	2	f	0		f	f	t	2018-05-04 11:11:41.803245	\N	f
82	2	675	55	15	kiekko_1490866257.jpg	171	10	f	f	f	f	1	f	0		f	f	t	2018-05-04 11:11:41.803245	\N	f
15	2	598	109	14	kiekko_1490172114.jpg	172	8	f	f	t	f	2	f	0		f	t	t	2018-05-04 11:11:41.803245	\N	f
83	2	809	81	7	kiekko_1490866389.jpg	156	10	f	f	f	f	2	f	0		f	f	t	2018-05-04 11:11:41.803245	\N	f
115	2	691	103	3	kiekko_1490877992.jpg	169	10	f	f	f	f	1	f	0		f	f	t	2018-05-04 11:11:41.803245	\N	f
122	2	849	105	2	kiekko_1490883216.jpg	175	8	f	f	t	f	2	f	0		f	f	t	2018-05-04 11:11:41.803245	\N	f
107	2	573	7	9	kiekko_1490876455.jpg	173	8	t	f	t	f	2	f	0		f	f	t	2018-05-04 11:11:41.803245	\N	f
112	2	870	69	14	kiekko_1490877391.jpg	174	8	f	f	f	f	2	f	0		f	f	t	2018-05-04 11:11:41.803245	\N	f
19	2	691	103	6	kiekko_1490181176.jpg	167	9	f	t	f	t	2	f	45		f	f	t	2018-05-04 11:11:41.803245	\N	f
114	2	871	68	14	kiekko_1490877641.jpg	174	10	f	f	f	f	1	f	0		f	f	t	2018-05-04 11:11:41.803245	\N	f
119	2	806	81	14	kiekko_1490882823.jpg	175	7	f	f	f	f	3	f	0		f	f	t	2018-05-04 11:11:41.803245	\N	f
93	2	570	62	8	kiekko_1490870671.jpg	168	7	f	f	f	f	6	f	0		f	f	t	2018-05-04 11:11:41.803245	\N	f
94	2	579	33	10	kiekko_1490870749.jpg	170	9	f	f	f	f	2	f	0	Halpahallin merkki	f	f	t	2018-05-04 11:11:41.803245	\N	f
96	2	868	45	4	kiekko_1490871054.jpg	167	7	f	f	f	f	2	f	0		f	f	t	2018-05-04 11:11:41.803245	\N	f
116	2	598	25	10	kiekko_1490878156.jpg	171	8	f	f	f	f	2	f	0		f	f	t	2018-05-04 11:11:41.803245	\N	f
99	2	848	16	14	kiekko_1490875691.jpg	171	7	f	f	f	f	2	f	0		f	f	t	2018-05-04 11:11:41.803245	\N	f
11	2	845	67	12	kiekko_1490160341.jpg	175	8	f	f	f	f	2	f	0		f	f	t	2018-05-04 11:11:41.803245	\N	f
90	2	866	41	14	kiekko_1490870325.jpg	179	8	f	f	f	f	4	f	0		f	f	t	2018-05-04 11:11:41.803245	\N	f
101	2	710	23	7	kiekko_1490875808.jpg	175	7	f	f	f	f	2	f	0		f	f	t	2018-05-04 11:11:41.803245	\N	f
60	2	857	90	10	kiekko_1490856860.jpg	175	8	f	f	t	f	1	f	0	Led + paristo kiinteänä	f	f	t	2018-05-04 11:11:41.803245	\N	f
111	2	572	41	10	kiekko_1490877211.jpg	174	8	f	f	f	f	2	f	0		f	f	t	2018-05-04 11:11:41.803245	\N	f
98	2	714	118	10	kiekko_1490875543.jpg	159	7	f	f	f	f	4	f	0	Led + paristo kiinteänä	f	f	t	2018-05-04 11:11:41.803245	\N	f
106	2	575	7	6	kiekko_1490876396.jpg	177	8	f	f	f	f	2	f	0	Led + paristo kiinteänä	f	f	t	2018-05-04 11:11:41.803245	\N	f
104	2	869	41	5	kiekko_1490876095.jpg	186	8	f	f	f	f	2	f	0	Led + paristo kiinteänä	f	f	t	2018-05-04 11:11:41.803245	\N	f
105	2	592	25	3	kiekko_1490876309.jpg	176	7	f	f	f	f	3	f	0	Led + paristo kiinteänä	f	f	t	2018-05-04 11:11:41.803245	\N	f
95	2	596	25	5	kiekko_1490870979.jpg	171	8	f	f	t	f	2	f	0	Led + paristo kiinteänä	f	f	t	2018-05-04 11:11:41.803245	\N	f
89	2	865	72	12	kiekko_1490870188.jpg	173	8	f	f	t	f	2	f	0		f	f	t	2018-05-04 11:11:41.803245	\N	f
70	2	569	103	6	kiekko_1490860914.jpg	171	8	f	f	t	f	2	f	0		f	f	t	2018-05-04 11:11:41.803245	2018-07-22 18:36:19.246	f
69	2	575	4	2	kiekko_1490860283.jpg	171	7	f	f	f	f	2	f	0		f	t	t	2018-05-04 11:11:41.803245	2018-07-22 18:38:00.643	f
120	2	757	121	5	kiekko_1490882878.jpg	171	8	f	f	f	f	2	f	0		f	f	t	2018-05-04 11:11:41.803245	\N	f
68	2	854	56	13	kiekko_1490860166.jpg	176	9	t	f	f	f	2	f	0		f	f	t	2018-05-04 11:11:41.803245	\N	f
102	2	868	56	14	kiekko_1490875885.jpg	174	8	t	f	f	f	2	f	0		f	f	t	2018-05-04 11:11:41.803245	\N	f
103	2	866	56	14	kiekko_1490876035.jpg	173	8	t	f	f	f	2	f	0		f	f	t	2018-05-04 11:11:41.803245	\N	f
113	2	854	56	8	kiekko_1490877523.jpg	176	9	t	f	f	f	2	f	0		f	f	t	2018-05-04 11:11:41.803245	\N	f
468	2	621	25	12	pekkanyk-468	167	8	f	f	f	f	4	f	0		f	f	t	2018-05-04 11:11:41.803245	\N	f
469	2	1060	117	12	pekkanyk-469	176	8	f	f	f	f	2	f	0	TC2017	f	f	t	2018-05-04 11:11:41.803245	\N	f
471	2	756	124	12	pekkanyk-471	175	8	f	f	f	f	1	f	0		t	f	t	2018-05-04 11:11:41.803245	\N	f
472	2	757	124	9	pekkanyk-472	174	8	f	f	f	f	2	f	0		f	f	t	2018-05-04 11:11:41.803245	\N	f
473	2	598	109	3	pekkanyk-473	174	7	f	f	t	f	4	f	0		f	f	t	2018-05-04 11:11:41.803245	\N	f
476	2	777	54	14	pekkanyk-476	178	10	f	f	f	f	1	f	0		f	f	t	2018-05-04 11:11:41.803245	\N	f
65	2	572	56	14	kiekko_1490858913.jpg	177	9	t	f	f	f	2	f	0		f	f	t	2018-05-04 11:11:41.803245	\N	f
10	2	596	142	14	kiekko_1490160028.jpg	175	9	t	f	f	f	2	f	0		f	f	t	2018-05-04 11:11:41.803245	\N	f
480	2	854	146	9	pekkanyk-480	174	8	f	f	f	f	2	f	0		f	f	t	2018-05-04 11:11:41.803245	\N	f
470	2	776	54	12	pekkanyk-470	174	8	f	f	f	f	2	f	0		t	t	t	2018-05-04 11:11:41.803245	2018-07-29 06:21:01.477	f
1169	1	569	103	3	Bisse-1169	175	9	f	f	f	f	1	f	0	Kivikon #1 lampi	f	f	t	2019-07-23 11:16:02.314	2019-08-21 06:58:16.465	t
1168	1	569	103	10	Bisse-1168	175	9	f	f	f	f	2	f	0		f	f	t	2019-07-23 11:15:26.142	2021-06-22 11:58:31.361	t
483	2	738	82	8	pekkanyk-483	174	10	f	f	f	f	1	f	0		f	f	t	2018-05-04 11:11:41.803245	\N	f
67	2	862	56	14	kiekko_1490859996.jpg	172	9	t	f	f	f	2	f	0		f	f	t	2018-05-04 11:11:41.803245	\N	f
64	2	571	56	14	kiekko_1490858764.jpg	177	8	t	f	t	f	2	f	0		f	f	t	2018-05-04 11:11:41.803245	\N	f
86	2	863	56	9	kiekko_1490869133.jpg	173	9	t	f	f	f	2	f	0		f	f	t	2018-05-04 11:11:41.803245	\N	f
79	2	843	30	14	kiekko_1490865834.jpg	175	10	f	f	f	f	1	t	7		f	f	t	2018-05-04 11:11:41.803245	\N	f
85	2	832	120	5	kiekko_1490866647.jpg	173	10	f	f	f	f	1	t	10		f	f	t	2018-05-04 11:11:41.803245	\N	f
87	2	864	31	3	kiekko_1490869673.jpg	173	10	f	t	f	f	1	t	12		f	f	t	2018-05-04 11:11:41.803245	\N	f
117	2	872	41	5	kiekko_1490878523.jpg	178	10	f	t	f	f	1	t	15		f	f	t	2018-05-04 11:11:41.803245	\N	f
12	2	846	103	15	kiekko_1490162327.jpg	175	9	f	t	f	t	2	t	15		f	f	t	2018-05-04 11:11:41.803245	\N	f
478	2	713	38	7	pekkanyk-478	175	10	f	f	f	f	1	t	14		f	f	t	2018-05-04 11:11:41.803245	\N	f
479	2	1062	20	12	pekkanyk-479	174	10	f	f	f	f	1	t	6		f	f	t	2018-05-04 11:11:41.803245	\N	f
482	2	739	82	10	pekkanyk-482	172	10	f	f	f	f	1	t	12		f	f	t	2018-05-04 11:11:41.803245	\N	f
1019	16	854	31	3	Tuomassi-1019	174	10	f	t	f	f	1	f	0	MDGO2016	f	f	t	2018-05-04 11:11:41.803245	\N	f
1020	16	570	142	14	Tuomassi-1020	175	10	t	t	f	f	1	f	0	Soft, Grippy, South West Florida Open 2017	f	f	t	2018-05-04 11:11:41.803245	\N	f
1021	16	570	142	14	Tuomassi-1021	175	10	t	t	f	f	1	f	0	South West Florida Open 2017, Soft, Grippy	f	f	t	2018-05-04 11:11:41.803245	\N	f
1022	16	571	65	9	Tuomassi-1022	177	10	f	t	f	f	1	f	0	Memorial 2017	f	f	t	2018-05-04 11:11:41.803245	\N	f
1023	16	571	65	9	Tuomassi-1023	177	10	f	t	f	f	1	f	0	Memorial 2017	f	f	t	2018-05-04 11:11:41.803245	\N	f
1024	16	828	41	4	Tuomassi-1024	177	10	f	t	f	f	1	f	0	Michael Johansen	f	f	t	2018-05-04 11:11:41.803245	\N	f
1025	16	846	103	6	Tuomassi-1025	175	10	f	t	f	f	1	f	0	EO2016	f	f	t	2018-05-04 11:11:41.803245	\N	f
1026	16	846	103	3	Tuomassi-1026	175	10	f	t	f	f	1	f	0	EO2016	f	f	t	2018-05-04 11:11:41.803245	\N	f
1027	16	620	109	3	Tuomassi-1027	175	10	f	t	f	f	1	f	0	KJ Nybo 10x	f	f	t	2018-05-04 11:11:41.803245	\N	f
1028	16	592	109	9	Tuomassi-1028	172	10	f	t	f	f	1	f	0	South West Florida Open 2017	f	f	t	2018-05-04 11:11:41.803245	\N	f
1029	16	571	65	9	Tuomassi-1029	176	10	f	t	f	f	1	f	0	Memorial 2017	f	f	t	2018-05-04 11:11:41.803245	\N	f
1030	16	621	142	9	Tuomassi-1030	171	10	t	t	t	f	1	f	0	Huk Lab	f	f	t	2018-05-04 11:11:41.803245	\N	f
278	16	1045	21	9	Hormoni-278	175	8	f	f	f	f	2	f	0		f	t	t	2018-05-04 11:11:41.803245	\N	f
279	16	690	24	10	Hormoni-279	175	8	f	t	f	f	2	f	0	SM2013	f	t	t	2018-05-04 11:11:41.803245	\N	f
255	16	570	109	14	Hormoni-255	172	9	f	t	f	f	1	f	0	Grand Slam	f	f	t	2018-05-04 11:11:41.803245	\N	f
256	16	570	109	14	Hormoni-256	171	9	f	t	f	f	1	f	0	Grand Slam	f	f	t	2018-05-04 11:11:41.803245	\N	f
1036	16	854	65	9	Tuomassi-1036	174	10	f	f	f	f	1	f	0		f	f	t	2018-05-04 11:11:41.803245	\N	f
257	16	622	109	6	Hormoni-257	167	9	f	f	t	f	2	f	0	Ansala Dye	f	f	t	2018-05-04 11:11:41.803245	\N	f
1037	16	854	65	9	Tuomassi-1037	174	10	f	t	f	f	1	f	0	Shelly Sharpe Memorial 2016	f	f	t	2018-05-04 11:11:41.803245	\N	f
247	16	570	109	14	Hormoni-247	170	10	f	t	f	f	1	f	0	Team Philo	f	f	t	2018-05-04 11:11:41.803245	\N	f
1038	16	851	2	9	Tuomassi-1038	176	10	f	t	f	f	1	f	0	Jamie "The Sauce" Mosier	f	f	t	2018-05-04 11:11:41.803245	\N	f
1039	16	851	2	9	Tuomassi-1039	176	10	f	t	f	f	1	f	0	Jamie "The Sauce" Mosier	f	f	t	2018-05-04 11:11:41.803245	\N	f
1040	16	571	65	9	Tuomassi-1040	176	10	f	t	f	f	1	f	0	Memorial 2017	f	f	t	2018-05-04 11:11:41.803245	\N	f
258	16	622	25	5	Hormoni-258	168	9	f	f	f	f	1	f	0	Vanhaa sameaa Champion-muovia	f	f	t	2018-05-04 11:11:41.803245	\N	f
280	16	709	23	9	Hormoni-280	175	8	f	f	f	f	2	f	0		f	t	t	2018-05-04 11:11:41.803245	\N	f
281	16	592	109	9	Hormoni-281	170	7	f	f	f	f	2	f	0	Bottom Stamp	f	t	t	2018-05-04 11:11:41.803245	\N	f
282	16	570	109	9	Hormoni-282	172	8	f	f	f	f	2	f	0	Bottom Stamp	f	t	t	2018-05-04 11:11:41.803245	\N	f
283	16	777	73	9	Hormoni-283	177	7	f	f	t	f	2	f	0		f	t	t	2018-05-04 11:11:41.803245	\N	f
1031	16	569	24	9	Tuomassi-1031	171	9	f	f	f	f	2	f	0		f	f	t	2018-05-04 11:11:41.803245	\N	f
284	16	1053	58	9	Hormoni-284	176	9	f	t	f	t	1	f	0	Special edition, Burst	f	t	t	2018-05-04 11:11:41.803245	\N	f
1032	16	577	25	9	Tuomassi-1032	175	9	f	t	t	f	1	f	0	Air Force	f	f	t	2018-05-04 11:11:41.803245	\N	f
1033	16	846	103	9	Tuomassi-1033	175	9	f	t	t	f	1	f	0	EO2016	f	f	t	2018-05-04 11:11:41.803245	\N	f
159	16	679	103	3	Hormoni-159	176	10	f	t	f	f	1	f	0	Simon Lizotte Fantasy Doubles Tour	f	f	t	2018-05-04 11:11:41.803245	\N	f
253	16	1053	82	9	Hormoni-253	174	10	f	f	f	f	1	f	0		f	f	t	2018-05-04 11:11:41.803245	\N	f
249	16	1053	58	9	Hormoni-249	174	10	f	t	f	t	1	f	0	Special edition, Burst	f	f	t	2018-05-04 11:11:41.803245	\N	f
250	16	1053	58	9	Hormoni-250	172	10	f	t	f	t	1	f	0	Special edition, Burst	f	f	t	2018-05-04 11:11:41.803245	\N	f
251	16	1053	58	9	Hormoni-251	174	10	f	t	f	t	1	f	0	Special edition, Burst	f	f	t	2018-05-04 11:11:41.803245	\N	f
252	16	1053	58	9	Hormoni-252	172	10	f	t	f	t	1	f	0	Special edition, Burst	f	f	t	2018-05-04 11:11:41.803245	\N	f
1034	16	611	92	9	Tuomassi-1034	170	9	f	f	f	f	1	f	0		f	f	t	2018-05-04 11:11:41.803245	\N	f
254	16	1053	82	9	Hormoni-254	174	10	f	f	f	f	1	f	0		f	f	t	2018-05-04 11:11:41.803245	\N	f
1035	16	776	91	9	Tuomassi-1035	176	10	f	f	f	f	1	f	0		f	f	t	2018-05-04 11:11:41.803245	\N	f
259	16	622	25	8	Hormoni-259	175	9	f	f	f	f	2	f	0		f	f	t	2018-05-04 11:11:41.803245	\N	f
260	16	666	66	9	Hormoni-260	175	8	f	f	f	f	1	f	0		f	f	t	2018-05-04 11:11:41.803245	\N	f
261	16	577	25	9	Hormoni-261	175	8	f	t	f	f	1	f	0	SWFL -kisakiekko	f	t	t	2018-05-04 11:11:41.803245	\N	f
262	16	622	25	8	Hormoni-262	175	10	f	t	f	f	1	f	0	Circle stamp, Jolly  Launcher	f	f	t	2018-05-04 11:11:41.803245	\N	f
264	16	592	25	8	Hormoni-264	172	7	f	f	f	f	1	f	0	David Feldberg	f	t	t	2018-05-04 11:11:41.803245	\N	f
265	16	880	41	8	Hormoni-265	175	7	f	f	f	f	3	f	0		f	t	t	2018-05-04 11:11:41.803245	\N	f
1041	16	739	82	4	Tuomassi-1041	173	10	f	t	f	f	1	t	12	John E McCray	f	f	t	2018-05-04 11:11:41.803245	\N	f
266	16	592	109	3	Hormoni-266	175	6	f	f	f	f	4	f	0	Bottom stamp	f	t	t	2018-05-04 11:11:41.803245	\N	f
268	16	854	31	8	Hormoni-268	173	8	f	t	f	f	1	f	0		f	t	t	2018-05-04 11:11:41.803245	\N	f
269	16	778	50	9	Hormoni-269	179	9	f	t	f	f	1	f	0	SWFDGO	f	t	t	2018-05-04 11:11:41.803245	\N	f
270	16	622	25	9	Hormoni-270	175	9	f	f	f	f	2	f	0	Sameaa Champion-muovia, OS	f	t	t	2018-05-04 11:11:41.803245	\N	f
271	16	776	91	9	Hormoni-271	176	8	f	f	f	f	2	f	0		f	t	t	2018-05-04 11:11:41.803245	\N	f
273	16	592	109	3	Hormoni-273	172	7	f	f	f	f	4	f	0		f	t	t	2018-05-04 11:11:41.803245	\N	f
274	16	854	65	9	Hormoni-274	173	6	f	f	f	f	2	f	0		f	t	t	2018-05-04 11:11:41.803245	\N	f
275	16	621	109	9	Hormoni-275	170	8	f	f	f	f	2	f	0		f	t	t	2018-05-04 11:11:41.803245	\N	f
285	16	569	24	9	Hormoni-285	175	8	f	f	t	f	4	f	0		f	t	t	2018-05-04 11:11:41.803245	\N	f
287	16	622	25	10	Hormoni-287	172	6	f	f	f	f	2	f	0		f	t	t	2018-05-04 11:11:41.803245	\N	f
288	16	637	109	9	Hormoni-288	180	9	f	f	f	f	2	f	0		f	t	t	2018-05-04 11:11:41.803245	\N	f
289	16	592	109	9	Hormoni-289	167	8	f	f	f	f	4	f	0		f	f	t	2018-05-04 11:11:41.803245	\N	f
290	16	778	26	2	Hormoni-290	177	8	f	f	f	f	4	f	0		f	f	t	2018-05-04 11:11:41.803245	\N	f
291	16	931	64	10	Hormoni-291	175	8	f	f	f	f	2	f	0		f	f	t	2018-05-04 11:11:41.803245	\N	f
294	16	620	109	1	Hormoni-294	175	10	f	t	f	t	1	f	0	KJ Nybo	f	f	t	2018-05-04 11:11:41.803245	\N	f
296	16	570	109	9	Hormoni-296	175	10	f	f	t	t	1	f	0		f	f	t	2018-05-04 11:11:41.803245	\N	f
297	16	784	27	10	Hormoni-297	174	9	f	t	f	f	1	f	0	eMac	f	f	t	2018-05-04 11:11:41.803245	\N	f
298	16	784	27	12	Hormoni-298	174	9	f	t	f	f	1	f	0	eMac	f	f	t	2018-05-04 11:11:41.803245	\N	f
299	16	813	132	12	Hormoni-299	175	10	f	f	f	f	1	f	0		f	f	t	2018-05-04 11:11:41.803245	\N	f
301	16	600	142	14	Hormoni-301	175	10	t	t	f	f	1	f	0	Pasi Koivu	f	f	t	2018-05-04 11:11:41.803245	\N	f
302	16	611	25	9	Hormoni-302	171	9	f	f	f	f	2	f	0		f	f	t	2018-05-04 11:11:41.803245	\N	f
303	16	690	24	9	Hormoni-303	175	9	t	t	f	f	1	f	0	Innovastore Specials Color Glow	f	f	t	2018-05-04 11:11:41.803245	\N	f
300	16	813	149	9	Hormoni-300	174	10	f	f	f	f	1	f	0		f	f	t	2018-05-04 11:11:41.803245	\N	f
304	16	813	150	9	Hormoni-304	173	8	f	f	f	f	2	f	0		f	t	t	2018-05-04 11:11:41.803245	\N	f
305	16	813	150	9	Hormoni-305	172	8	f	f	f	f	2	f	0		f	t	t	2018-05-04 11:11:41.803245	\N	f
307	16	611	35	9	Hormoni-307	172	9	f	f	f	f	1	f	0		f	f	t	2018-05-04 11:11:41.803245	\N	f
308	16	854	56	9	Hormoni-308	173	10	t	t	f	f	1	f	0		f	f	t	2018-05-04 11:11:41.803245	\N	f
309	16	854	56	13	Hormoni-309	173	9	t	t	f	f	1	f	0		f	f	t	2018-05-04 11:11:41.803245	\N	f
310	16	571	41	3	Hormoni-310	177	9	f	f	f	f	3	f	0		f	f	t	2018-05-04 11:11:41.803245	\N	f
311	16	571	41	3	Hormoni-311	177	9	f	f	f	f	3	f	0		f	f	t	2018-05-04 11:11:41.803245	\N	f
312	16	571	41	3	Hormoni-312	177	8	f	f	f	f	3	f	0		f	f	t	2018-05-04 11:11:41.803245	\N	f
313	16	778	151	9	Hormoni-313	178	9	t	f	t	f	1	f	0		f	f	t	2018-05-04 11:11:41.803245	\N	f
314	16	782	50	9	Hormoni-314	176	10	f	f	f	f	2	f	0		f	f	t	2018-05-04 11:11:41.803245	\N	f
315	16	675	32	9	Hormoni-315	175	8	f	f	f	f	2	f	0		f	f	t	2018-05-04 11:11:41.803245	\N	f
316	16	675	32	9	Hormoni-316	175	8	f	f	f	f	2	f	0		f	f	t	2018-05-04 11:11:41.803245	\N	f
317	16	776	91	9	Hormoni-317	177	8	f	f	f	f	1	f	0		f	f	t	2018-05-04 11:11:41.803245	\N	f
318	16	577	153	13	Hormoni-318	175	8	t	t	f	f	2	f	0	BSF 2015 (Sexton)	f	f	t	2018-05-04 11:11:41.803245	\N	f
295	16	587	153	13	Hormoni-295	175	9	t	t	f	f	1	f	0		f	f	t	2018-05-04 11:11:41.803245	\N	f
306	16	570	153	13	Hormoni-306	175	9	t	t	f	f	1	f	0		f	f	t	2018-05-04 11:11:41.803245	\N	f
276	16	577	153	13	Hormoni-276	175	7	t	t	f	f	2	f	0		f	t	t	2018-05-04 11:11:41.803245	\N	f
292	16	634	153	13	Hormoni-292	180	10	f	f	f	f	1	f	0		f	f	t	2018-05-04 11:11:41.803245	\N	f
293	16	577	153	1	Hormoni-293	175	8	t	t	f	f	2	f	0	BSF 2015 (Sexton)	f	f	t	2018-05-04 11:11:41.803245	\N	f
319	16	684	24	8	Hormoni-319	175	10	f	f	f	f	1	f	0		f	f	t	2018-05-04 11:11:41.803245	\N	f
321	16	666	66	9	Hormoni-321	175	7	f	f	f	f	4	f	0		f	f	t	2018-05-04 11:11:41.803245	\N	f
322	16	772	73	9	Hormoni-322	169	10	f	f	f	f	1	f	0		f	f	t	2018-05-04 11:11:41.803245	\N	f
323	16	598	109	9	Hormoni-323	175	8	f	f	f	f	3	f	0		f	f	t	2018-05-04 11:11:41.803245	\N	f
324	16	620	109	15	Hormoni-324	175	10	f	f	f	f	1	f	0	KJ Nybo	f	f	t	2018-05-04 11:11:41.803245	\N	f
325	16	854	31	8	Hormoni-325	173	8	f	f	f	f	1	f	0		f	f	t	2018-05-04 11:11:41.803245	\N	f
326	16	854	31	8	Hormoni-326	173	8	f	f	f	f	2	f	0		f	f	t	2018-05-04 11:11:41.803245	\N	f
327	16	854	31	8	Hormoni-327	173	8	f	f	f	f	2	f	0		f	f	t	2018-05-04 11:11:41.803245	\N	f
328	16	675	85	9	Hormoni-328	175	10	f	f	f	f	1	f	0	Soft Grippy P-Line	f	f	t	2018-05-04 11:11:41.803245	\N	f
329	16	592	25	4	Hormoni-329	175	8	f	f	f	f	2	f	0	David Feldberg	f	f	t	2018-05-04 11:11:41.803245	\N	f
330	16	611	109	9	Hormoni-330	175	10	f	f	f	t	1	f	0	Jeremy Koling	f	f	t	2018-05-04 11:11:41.803245	\N	f
331	16	611	109	4	Hormoni-331	175	9	f	t	f	t	3	f	0	Team Philo	f	f	t	2018-05-04 11:11:41.803245	\N	f
332	16	691	103	4	Hormoni-332	168	8	f	t	f	t	2	f	0	Konopiste	f	f	t	2018-05-04 11:11:41.803245	\N	f
333	16	691	103	4	Hormoni-333	169	8	f	t	f	t	2	f	0	Konopiste	f	f	t	2018-05-04 11:11:41.803245	\N	f
334	16	924	99	4	Hormoni-334	175	9	f	t	f	f	1	f	0	Jeremy Koling	f	f	t	2018-05-04 11:11:41.803245	\N	f
335	16	772	50	9	Hormoni-335	173	10	f	f	f	f	1	f	0		f	f	t	2018-05-04 11:11:41.803245	\N	f
336	16	570	36	8	Hormoni-336	170	8	f	f	f	f	1	t	8		t	f	t	2018-05-04 11:11:41.803245	\N	f
337	16	777	152	14	Hormoni-337	177	10	t	f	f	f	1	f	0		f	f	t	2018-05-04 11:11:41.803245	\N	f
338	16	709	21	9	Hormoni-338	175	8	f	f	t	f	2	f	0		f	f	t	2018-05-04 11:11:41.803245	\N	f
339	16	709	23	14	Hormoni-339	175	8	f	f	f	f	2	f	0		f	f	t	2018-05-04 11:11:41.803245	\N	f
341	16	709	23	9	Hormoni-341	173	7	f	f	f	f	2	f	0		f	f	t	2018-05-04 11:11:41.803245	\N	f
340	16	709	23	9	Hormoni-340	172	7	f	f	f	f	2	f	0		f	f	t	2018-05-04 11:11:41.803245	\N	f
342	16	709	23	9	Hormoni-342	173	7	f	f	f	f	2	f	0		f	f	t	2018-05-04 11:11:41.803245	\N	f
343	16	569	24	9	Hormoni-343	175	9	t	t	t	f	1	f	0	EO2016	f	f	t	2018-05-04 11:11:41.803245	\N	f
344	16	675	143	4	Hormoni-344	175	8	f	f	f	f	2	f	0		f	f	t	2018-05-04 11:11:41.803245	\N	f
345	16	675	143	4	Hormoni-345	175	8	f	f	f	f	2	f	0		f	f	t	2018-05-04 11:11:41.803245	\N	f
346	16	675	143	4	Hormoni-346	175	8	f	f	f	f	2	f	0		f	f	t	2018-05-04 11:11:41.803245	\N	f
347	16	675	143	4	Hormoni-347	175	8	f	f	f	f	2	f	0		f	f	t	2018-05-04 11:11:41.803245	\N	f
348	16	675	143	4	Hormoni-348	175	8	f	f	f	f	2	f	0		f	f	t	2018-05-04 11:11:41.803245	\N	f
349	16	675	32	9	Hormoni-349	175	8	f	f	f	f	1	f	0		f	f	t	2018-05-04 11:11:41.803245	\N	f
350	16	777	73	9	Hormoni-350	172	9	f	f	f	f	3	f	0		f	f	t	2018-05-04 11:11:41.803245	\N	f
351	16	777	73	9	Hormoni-351	177	9	f	t	f	f	1	f	0		f	f	t	2018-05-04 11:11:41.803245	\N	f
352	16	778	91	9	Hormoni-352	177	9	f	f	f	f	1	f	0		f	f	t	2018-05-04 11:11:41.803245	\N	f
353	16	777	73	9	Hormoni-353	177	9	f	t	f	f	1	f	0		f	f	t	2018-05-04 11:11:41.803245	\N	f
354	16	778	151	9	Hormoni-354	179	9	f	f	t	f	2	f	0		f	f	t	2018-05-04 11:11:41.803245	\N	f
355	16	828	41	11	Hormoni-355	177	9	f	t	f	f	1	f	0	Michael Johansen Tour Series	f	f	t	2018-05-04 11:11:41.803245	\N	f
356	16	924	52	12	Hormoni-356	175	9	f	f	f	f	1	f	0		f	f	t	2018-05-04 11:11:41.803245	\N	f
357	16	570	109	9	Hormoni-357	175	8	f	t	t	f	2	f	0	Grand Slam, Ansala Dye	f	f	t	2018-05-04 11:11:41.803245	\N	f
358	16	570	109	6	Hormoni-358	175	9	f	f	t	f	3	f	0	Bottom Stamp	f	f	t	2018-05-04 11:11:41.803245	\N	f
359	16	669	141	14	Hormoni-359	175	9	t	f	t	f	1	f	0		f	f	t	2018-05-04 11:11:41.803245	\N	f
360	16	669	76	9	Hormoni-360	175	9	f	f	f	f	1	f	0		f	f	t	2018-05-04 11:11:41.803245	\N	f
361	16	669	76	9	Hormoni-361	175	9	f	f	f	f	1	f	0		f	f	t	2018-05-04 11:11:41.803245	\N	f
362	16	669	76	9	Hormoni-362	175	9	f	f	f	f	1	f	0		f	f	t	2018-05-04 11:11:41.803245	\N	f
363	16	675	85	9	Hormoni-363	175	9	f	f	f	f	1	f	0		f	f	t	2018-05-04 11:11:41.803245	\N	f
364	16	675	85	9	Hormoni-364	175	9	f	f	f	f	1	f	0		f	f	t	2018-05-04 11:11:41.803245	\N	f
365	16	854	93	9	Hormoni-365	169	9	f	f	f	f	2	f	0		f	f	t	2018-05-04 11:11:41.803245	\N	f
366	16	778	54	9	Hormoni-366	175	9	f	f	t	f	1	f	0		f	f	t	2018-05-04 11:11:41.803245	\N	f
367	16	778	26	10	Hormoni-367	175	9	f	t	f	f	1	f	0	Moustache Open 2015	f	f	t	2018-05-04 11:11:41.803245	\N	f
369	16	1056	117	9	Hormoni-369	175	10	f	t	f	f	1	f	0	Tyyni 2017	f	f	t	2018-05-04 11:11:41.803245	\N	f
370	16	1056	117	9	Hormoni-370	174	10	f	t	f	f	1	f	0	Tyyni 2017	f	f	t	2018-05-04 11:11:41.803245	\N	f
371	16	863	56	9	Hormoni-371	173	9	t	f	f	f	2	f	0		f	f	t	2018-05-04 11:11:41.803245	\N	f
372	16	765	91	9	Hormoni-372	174	8	f	f	f	f	1	f	0		f	f	t	2018-05-04 11:11:41.803245	\N	f
373	16	612	109	9	Hormoni-373	175	9	f	t	f	f	1	f	0	SWFL 2017	f	f	t	2018-05-04 11:11:41.803245	\N	f
374	16	584	16	14	Hormoni-374	175	7	f	f	f	f	2	f	0		f	f	t	2018-05-04 11:11:41.803245	\N	f
375	16	611	25	9	Hormoni-375	171	9	f	f	f	f	2	f	0		f	f	t	2018-05-04 11:11:41.803245	\N	f
376	16	584	16	15	Hormoni-376	175	7	f	f	f	f	2	f	0		f	f	t	2018-05-04 11:11:41.803245	\N	f
378	16	584	90	10	Hormoni-378	175	8	f	f	t	f	2	f	0		f	f	t	2018-05-04 11:11:41.803245	\N	f
379	16	584	90	10	Hormoni-379	175	10	f	f	f	f	1	f	0		f	f	t	2018-05-04 11:11:41.803245	\N	f
381	16	584	90	3	Hormoni-381	175	10	f	f	t	f	1	f	0		f	f	t	2018-05-04 11:11:41.803245	\N	f
382	16	757	58	1	Hormoni-382	175	9	f	t	f	f	1	t	10	10 Year Anniversary, Grip Line	f	f	t	2018-05-04 11:11:41.803245	\N	f
384	16	669	119	12	Hormoni-384	175	8	f	f	f	f	1	f	0		f	f	t	2018-05-04 11:11:41.803245	\N	f
386	16	690	154	9	Hormoni-386	175	10	f	t	f	f	1	f	0	Leo Piironen	f	f	t	2018-05-04 11:11:41.803245	\N	f
267	16	690	154	3	Hormoni-267	175	9	f	t	f	f	2	f	0	Luster, Leo Piironen	f	t	t	2018-05-04 11:11:41.803245	\N	f
387	16	569	24	3	Hormoni-387	172	8	f	t	f	f	2	f	0	2nd run	f	f	t	2018-05-04 11:11:41.803245	\N	f
388	16	569	24	8	Hormoni-388	175	6	f	f	f	f	3	f	0	1. oma kiekko	f	f	t	2018-05-04 11:11:41.803245	\N	f
389	16	590	25	12	Hormoni-389	175	6	f	t	f	f	2	f	0	1. oma kiekko	f	f	t	2018-05-04 11:11:41.803245	\N	f
390	16	778	91	9	Hormoni-390	177	8	f	f	f	f	1	f	0		f	f	t	2018-05-04 11:11:41.803245	\N	f
391	16	775	73	9	Hormoni-391	174	8	f	f	f	f	2	f	0		f	f	t	2018-05-04 11:11:41.803245	\N	f
392	16	592	109	3	Hormoni-392	167	8	f	f	f	f	3	f	0		f	f	t	2018-05-04 11:11:41.803245	\N	f
393	16	718	82	10	Hormoni-393	173	9	f	f	f	f	2	t	8		f	f	t	2018-05-04 11:11:41.803245	\N	f
394	16	620	109	15	Hormoni-394	175	10	f	t	f	f	1	f	0	KJ Nybo	f	f	t	2018-05-04 11:11:41.803245	\N	f
395	16	570	109	2	Hormoni-395	175	10	f	t	f	t	1	f	0	Steve Brinster	f	f	t	2018-05-04 11:11:41.803245	\N	f
396	16	634	25	15	Hormoni-396	175	10	f	t	f	f	1	t	12	X-out	f	f	t	2018-05-04 11:11:41.803245	\N	f
397	16	853	107	7	Hormoni-397	143	9	f	t	f	f	1	f	0	First Run	f	f	t	2018-05-04 11:11:41.803245	\N	f
398	16	1059	35	14	Hormoni-398	178	8	f	t	f	f	1	f	0		f	f	t	2018-05-04 11:11:41.803245	\N	f
399	16	853	107	7	Hormoni-399	143	8	f	t	f	f	1	f	0	First Run	f	f	t	2018-05-04 11:11:41.803245	\N	f
401	16	691	103	9	Hormoni-401	175	9	f	f	f	t	1	f	0		f	f	t	2018-05-04 11:11:41.803245	\N	f
403	16	569	24	10	Hormoni-403	175	10	f	t	f	f	1	f	0	Avery Jenkins Deep In The Game	f	f	t	2018-05-04 11:11:41.803245	\N	f
404	16	569	24	10	Hormoni-404	175	8	f	t	f	f	2	f	0	Simon Lizotte	f	f	t	2018-05-04 11:11:41.803245	\N	f
405	16	571	41	9	Hormoni-405	168	9	f	t	f	f	1	f	0	Estero Disc Golf Club	f	f	t	2018-05-04 11:11:41.803245	\N	f
406	16	572	41	9	Hormoni-406	177	9	f	t	f	f	2	f	0	First Run	f	f	t	2018-05-04 11:11:41.803245	\N	f
407	16	784	26	9	Hormoni-407	173	10	f	t	f	f	1	t	8	NBDG	f	f	t	2018-05-04 11:11:41.803245	\N	f
408	16	893	13	1	Hormoni-408	175	10	f	f	f	f	1	f	0		f	f	t	2018-05-04 11:11:41.803245	\N	f
409	16	626	25	1	Hormoni-409	171	7	f	f	f	f	2	f	0		f	f	t	2018-05-04 11:11:41.803245	\N	f
410	16	570	109	9	Hormoni-410	169	8	f	t	f	t	1	f	0	Philo	f	f	t	2018-05-04 11:11:41.803245	\N	f
411	16	592	25	6	Hormoni-411	175	8	f	f	t	f	4	f	0	David Feldberg	f	f	t	2018-05-04 11:11:41.803245	\N	f
412	16	778	91	9	Hormoni-412	177	8	f	f	f	f	1	f	0		f	f	t	2018-05-04 11:11:41.803245	\N	f
413	16	778	73	9	Hormoni-413	179	8	f	f	f	f	1	f	0	NBDG	f	f	t	2018-05-04 11:11:41.803245	\N	f
414	16	592	25	6	Hormoni-414	175	9	f	f	t	f	1	f	0	David Feldberg	f	f	t	2018-05-04 11:11:41.803245	\N	f
415	16	592	25	6	Hormoni-415	175	8	f	f	t	f	2	f	0	David Feldberg	f	f	t	2018-05-04 11:11:41.803245	\N	f
416	16	570	25	8	Hormoni-416	175	9	f	f	f	f	1	f	0		f	f	t	2018-05-04 11:11:41.803245	\N	f
417	16	592	109	9	Hormoni-417	170	8	f	f	f	f	2	f	0	Bottom Stamp	f	f	t	2018-05-04 11:11:41.803245	\N	f
418	16	587	25	9	Hormoni-418	175	9	f	f	f	f	1	f	0		f	f	t	2018-05-04 11:11:41.803245	\N	f
419	16	611	25	1	Hormoni-419	171	8	f	f	f	f	2	f	0		f	f	t	2018-05-04 11:11:41.803245	\N	f
420	16	587	153	9	Hormoni-420	175	9	f	f	f	f	1	f	0		f	f	t	2018-05-04 11:11:41.803245	\N	f
421	16	592	25	9	Hormoni-421	175	8	f	t	f	f	2	f	0	David Feldberg, PFN	f	f	t	2018-05-04 11:11:41.803245	\N	f
422	16	621	109	9	Hormoni-422	171	9	f	f	f	f	1	f	0		f	f	t	2018-05-04 11:11:41.803245	\N	f
423	16	620	25	9	Hormoni-423	175	9	f	t	f	f	2	f	0	Steve Brinster	f	f	t	2018-05-04 11:11:41.803245	\N	f
424	16	690	24	10	Hormoni-424	175	10	f	f	f	f	3	f	0	2013	f	f	t	2018-05-04 11:11:41.803245	\N	f
425	16	690	24	3	Hormoni-425	175	10	f	f	f	f	4	f	0	2013	f	f	t	2018-05-04 11:11:41.803245	\N	f
426	16	679	103	14	Hormoni-426	175	9	f	t	f	f	2	f	0	Simon Lizotte Fantasy Doubles	f	f	t	2018-05-04 11:11:41.803245	\N	f
427	16	689	103	14	Hormoni-427	175	8	f	f	f	f	1	f	0		f	f	t	2018-05-04 11:11:41.803245	\N	f
428	16	854	45	6	Hormoni-428	173	10	f	t	f	t	1	f	0	Les White	f	f	t	2018-05-04 11:11:41.803245	\N	f
429	16	854	45	9	Hormoni-429	173	10	f	f	f	t	1	f	0	Les White	f	f	t	2018-05-04 11:11:41.803245	\N	f
430	16	854	45	6	Hormoni-430	173	10	f	f	f	t	1	f	0	Les White	f	f	t	2018-05-04 11:11:41.803245	\N	f
431	16	854	45	1	Hormoni-431	173	10	f	f	f	t	1	f	0	Les White	f	f	t	2018-05-04 11:11:41.803245	\N	f
432	16	854	45	9	Hormoni-432	173	10	f	f	f	t	1	f	0	Les White	f	f	t	2018-05-04 11:11:41.803245	\N	f
433	16	829	41	9	Hormoni-433	172	8	f	f	f	f	3	t	5		f	f	t	2018-05-04 11:11:41.803245	\N	f
435	16	1047	24	9	Hormoni-435	175	9	f	t	f	f	1	t	10	DGWT European Open	f	f	t	2018-05-04 11:11:41.803245	\N	f
436	16	587	62	4	Hormoni-436	175	9	f	t	f	f	2	f	0	First Run	f	f	t	2018-05-04 11:11:41.803245	\N	f
437	16	691	24	9	Hormoni-437	172	9	f	t	f	f	1	t	12	DGWT, Metal Flake	f	f	t	2018-05-04 11:11:41.803245	\N	f
438	16	691	103	9	Hormoni-438	175	9	f	f	f	f	1	f	0		f	f	t	2018-05-04 11:11:41.803245	\N	f
440	16	648	35	4	Hormoni-440	175	8	f	t	f	f	2	f	0	Innovastore Specials Flat Top Dx Roc	f	f	t	2018-05-04 11:11:41.803245	\N	f
441	16	634	109	3	Hormoni-441	180	9	f	f	f	f	1	t	8	Bottom Stamp, Catrina Allenin nimmari kannessa	f	f	t	2018-05-04 11:11:41.803245	\N	f
442	16	675	85	9	Hormoni-442	175	10	f	f	f	f	1	f	0	Soft Grippy P-Line	f	f	t	2018-05-04 11:11:41.803245	\N	f
443	16	675	85	13	Hormoni-443	175	10	f	t	f	f	1	t	8	Innovastore.net	f	f	t	2018-05-04 11:11:41.803245	\N	f
444	16	675	32	9	Hormoni-444	175	8	f	f	f	f	1	f	0		f	f	t	2018-05-04 11:11:41.803245	\N	f
445	16	675	32	9	Hormoni-445	175	8	f	f	f	f	1	f	0		f	f	t	2018-05-04 11:11:41.803245	\N	f
446	16	675	85	9	Hormoni-446	175	10	f	f	f	f	1	f	0	Soft Grippy P-Line	f	f	t	2018-05-04 11:11:41.803245	\N	f
447	16	675	85	9	Hormoni-447	175	10	f	f	f	f	1	f	0	Soft Grippy P-Line	f	f	t	2018-05-04 11:11:41.803245	\N	f
448	16	675	85	9	Hormoni-448	175	10	f	f	f	f	1	f	0	Soft Grippy P-Line	f	f	t	2018-05-04 11:11:41.803245	\N	f
925	16	675	85	14	Tuomassi-925	175	10	f	t	f	f	1	f	0	Eagle McMahon	f	f	t	2018-05-04 11:11:41.803245	\N	f
926	16	675	85	14	Tuomassi-926	175	10	f	t	f	f	1	f	0	Eagle McMahon	f	f	t	2018-05-04 11:11:41.803245	\N	f
449	16	571	65	9	Hormoni-449	177	9	f	t	f	f	2	f	0	2017 Memorial	f	f	t	2018-05-04 11:11:41.803245	\N	f
450	16	851	2	6	Hormoni-450	173	9	f	t	t	t	1	f	0	James "The Sauce" Mosier Fundraiser	f	f	t	2018-05-04 11:11:41.803245	\N	f
451	16	617	35	1	Hormoni-451	170	7	f	f	f	f	3	f	0		f	f	t	2018-05-04 11:11:41.803245	\N	f
452	16	693	21	14	Hormoni-452	175	8	f	f	f	f	1	f	0		f	f	t	2018-05-04 11:11:41.803245	\N	f
453	16	618	35	8	Hormoni-453	172	8	f	f	f	f	2	f	0		f	f	t	2018-05-04 11:11:41.803245	\N	f
454	16	634	76	14	Hormoni-454	180	10	f	f	f	f	1	f	0		f	f	t	2018-05-04 11:11:41.803245	\N	f
455	16	846	103	3	Hormoni-455	175	10	f	t	f	t	1	t	15	EO2016	f	f	t	2018-05-04 11:11:41.803245	\N	f
456	16	846	103	15	Hormoni-456	175	10	f	t	f	t	1	t	15	EO2016	f	f	t	2018-05-04 11:11:41.803245	\N	f
457	16	577	109	6	Hormoni-457	175	10	f	t	f	t	1	f	0	Des Reading	f	f	t	2018-05-04 11:11:41.803245	\N	f
458	16	598	109	9	Hormoni-458	175	7	f	f	f	f	2	f	0	PFN, pat.nro	f	f	t	2018-05-04 11:11:41.803245	\N	f
459	16	782	73	9	Hormoni-459	177	9	f	f	f	f	1	f	0		f	f	t	2018-05-04 11:11:41.803245	\N	f
460	16	854	45	9	Hormoni-460	173	8	f	f	f	f	4	f	0		f	f	t	2018-05-04 11:11:41.803245	\N	f
930	16	570	109	1	Tuomassi-930	169	10	f	t	f	t	1	f	0	Philo	f	f	t	2018-05-04 11:11:41.803245	\N	f
461	16	777	73	9	Hormoni-461	175	9	f	f	f	f	2	f	0		f	f	t	2018-05-04 11:11:41.803245	\N	f
462	16	772	73	9	Hormoni-462	168	10	f	f	f	f	1	f	0		f	f	t	2018-05-04 11:11:41.803245	\N	f
463	16	570	109	14	Hormoni-463	168	10	f	t	f	f	1	f	0	10th Anniversary	f	f	t	2018-05-04 11:11:41.803245	\N	f
464	16	570	109	14	Hormoni-464	168	10	f	t	f	f	1	f	0	10th Anniversary	f	f	t	2018-05-04 11:11:41.803245	\N	f
465	16	570	109	15	Hormoni-465	172	10	f	t	f	f	1	f	0	10th Anniversary	f	f	t	2018-05-04 11:11:41.803245	\N	f
927	16	570	109	9	Tuomassi-927	169	10	f	t	f	t	1	f	0	Philo	f	f	t	2018-05-04 11:11:41.803245	\N	f
928	16	570	109	9	Tuomassi-928	169	10	f	t	f	t	1	f	0	Philo	f	f	t	2018-05-04 11:11:41.803245	\N	f
929	16	570	109	9	Tuomassi-929	169	10	f	t	f	t	1	f	0	Philo	f	f	t	2018-05-04 11:11:41.803245	\N	f
932	16	1047	24	9	Tuomassi-932	180	10	f	t	f	f	1	f	0	EO 2017	f	f	t	2018-05-04 11:11:41.803245	\N	f
933	16	1047	24	9	Tuomassi-933	180	10	f	t	f	f	1	f	0	180	f	f	t	2018-05-04 11:11:41.803245	\N	f
934	16	1047	24	9	Tuomassi-934	180	10	f	t	f	f	1	f	0	EO 2017	f	f	t	2018-05-04 11:11:41.803245	\N	f
935	16	570	109	9	Tuomassi-935	175	10	f	t	f	f	1	f	0	10th Anniversary	f	f	t	2018-05-04 11:11:41.803245	\N	f
936	16	924	99	4	Tuomassi-936	175	10	f	t	f	f	1	f	0	Big Jerm	f	f	t	2018-05-04 11:11:41.803245	\N	f
937	16	924	99	4	Tuomassi-937	175	10	f	t	f	f	1	f	0	Big Jerm	f	f	t	2018-05-04 11:11:41.803245	\N	f
938	16	924	99	4	Tuomassi-938	175	10	f	t	f	f	1	f	0	Big Jerm	f	f	t	2018-05-04 11:11:41.803245	\N	f
939	16	924	99	4	Tuomassi-939	175	10	f	t	f	f	1	f	0	Big Jerm	f	f	t	2018-05-04 11:11:41.803245	\N	f
940	16	577	153	13	Tuomassi-940	175	10	t	t	f	f	1	f	0	Nate Sexton 2017 USDGC Champion	f	f	t	2018-05-04 11:11:41.803245	\N	f
941	16	577	153	13	Tuomassi-941	175	10	t	t	f	f	1	f	0	Nate Sexton 2017 USDGC Champion	f	f	t	2018-05-04 11:11:41.803245	\N	f
942	16	577	153	13	Tuomassi-942	175	10	t	t	f	f	1	f	0	Nate Sexton 2017 USDGC Champion	f	f	t	2018-05-04 11:11:41.803245	\N	f
943	16	577	153	13	Tuomassi-943	175	10	t	t	f	f	1	f	0	Nate Sexton 2017 USDGC Champion	f	f	t	2018-05-04 11:11:41.803245	\N	f
944	16	577	153	13	Tuomassi-944	175	10	t	t	f	f	1	f	0	Nate Sexton 2017 USDGC Champion	f	f	t	2018-05-04 11:11:41.803245	\N	f
945	16	570	109	9	Tuomassi-945	168	10	f	f	f	f	1	f	0	Bottom Stamp	f	f	t	2018-05-04 11:11:41.803245	\N	f
947	16	776	91	4	Tuomassi-947	178	10	f	f	f	t	1	f	0	Burst	f	f	t	2018-05-04 11:11:41.803245	\N	f
948	16	776	91	9	Tuomassi-948	177	10	f	f	f	t	1	f	0	Burst	f	f	t	2018-05-04 11:11:41.803245	\N	f
949	16	1056	117	9	Tuomassi-949	174	10	f	t	f	f	1	f	0	Tyyni 2017	f	f	t	2018-05-04 11:11:41.803245	\N	f
951	16	854	45	14	Tuomassi-951	173	9	f	f	t	f	2	t	10	Pohjassa väri levinnyt vähän	f	f	t	2018-05-04 11:11:41.803245	\N	f
952	16	592	109	9	Tuomassi-952	171	9	f	t	f	f	1	f	0	X-out	f	f	t	2018-05-04 11:11:41.803245	\N	f
953	16	813	148	14	Tuomassi-953	173	10	f	f	f	f	1	f	0		f	f	t	2018-05-04 11:11:41.803245	\N	f
954	16	813	148	14	Tuomassi-954	174	10	f	f	f	f	1	f	0		f	f	t	2018-05-04 11:11:41.803245	\N	f
955	16	813	150	4	Tuomassi-955	174	10	f	f	f	f	1	f	0		f	f	t	2018-05-04 11:11:41.803245	\N	f
956	16	813	150	4	Tuomassi-956	174	10	f	f	f	f	1	f	0		f	f	t	2018-05-04 11:11:41.803245	\N	f
959	16	620	25	6	Tuomassi-959	175	8	f	f	f	f	2	f	0		f	f	t	2018-05-04 11:11:41.803245	\N	f
961	16	577	25	9	Tuomassi-961	175	10	f	t	f	f	1	f	0	Les White	f	f	t	2018-05-04 11:11:41.803245	\N	f
962	16	626	25	10	Tuomassi-962	170	9	f	f	f	f	1	f	0	PFN	f	f	t	2018-05-04 11:11:41.803245	\N	f
963	16	570	109	14	Tuomassi-963	171	10	f	t	f	f	1	f	0	Stars & Stripes	f	f	t	2018-05-04 11:11:41.803245	\N	f
964	16	577	153	13	Tuomassi-964	175	9	t	t	f	f	2	f	0	Nate Sexton 2016	f	f	t	2018-05-04 11:11:41.803245	\N	f
965	16	570	109	9	Tuomassi-965	169	10	f	t	f	f	1	f	0	Philo	f	f	t	2018-05-04 11:11:41.803245	\N	f
966	16	691	189	9	Tuomassi-966	172	10	f	t	f	f	1	f	0	DGWT	f	f	t	2018-05-04 11:11:41.803245	\N	f
967	16	691	189	9	Tuomassi-967	172	10	f	t	f	f	1	f	0	DGWT	f	f	t	2018-05-04 11:11:41.803245	\N	f
970	16	577	153	13	Tuomassi-970	175	10	t	t	f	t	1	f	0	Nate Sexton 2017	f	f	t	2018-05-04 11:11:41.803245	\N	f
972	16	587	153	13	Tuomassi-972	170	10	t	t	f	f	1	f	0	Innovastore Specials	f	f	t	2018-05-04 11:11:41.803245	\N	f
973	16	587	153	13	Tuomassi-973	170	10	t	t	f	f	1	f	0	Innovastore Specials	f	f	t	2018-05-04 11:11:41.803245	\N	f
974	16	587	153	9	Tuomassi-974	175	10	t	t	f	f	1	f	0	Innovastore Specials	f	f	t	2018-05-04 11:11:41.803245	\N	f
977	16	598	109	9	Tuomassi-977	170	8	f	f	t	f	4	f	0	PFN, Pat.Nro	f	f	t	2018-05-04 11:11:41.803245	\N	f
976	16	598	109	9	Tuomassi-976	161	8	f	f	t	f	4	f	0	PFN, Pat.Nro	f	f	t	2018-05-04 11:11:41.803245	\N	f
975	16	598	109	9	Tuomassi-975	166	8	f	f	t	f	4	f	0	PFN, Pat.Nro	f	f	t	2018-05-04 11:11:41.803245	\N	f
978	16	592	109	9	Tuomassi-978	174	8	f	f	f	f	4	f	0	Pat.Nro	f	f	t	2018-05-04 11:11:41.803245	\N	f
979	16	592	25	6	Tuomassi-979	175	8	f	f	f	f	4	f	0	David Feldberg	f	f	t	2018-05-04 11:11:41.803245	\N	f
980	16	691	103	3	Tuomassi-980	170	10	f	t	f	t	1	f	0	Konopiste 2016	f	f	t	2018-05-04 11:11:41.803245	\N	f
981	16	577	153	13	Tuomassi-981	175	10	t	t	f	f	1	f	0	Nate Sexton 2016	f	f	t	2018-05-04 11:11:41.803245	\N	f
982	16	777	73	9	Tuomassi-982	180	9	f	f	t	f	4	f	0		f	f	t	2018-05-04 11:11:41.803245	\N	f
983	16	846	103	3	Tuomassi-983	175	10	f	t	f	t	1	f	0	EO 2016	f	f	t	2018-05-04 11:11:41.803245	\N	f
984	16	1050	35	4	Tuomassi-984	175	10	f	f	f	f	1	f	0		f	f	t	2018-05-04 11:11:41.803245	\N	f
985	16	1050	35	4	Tuomassi-985	175	10	f	f	f	f	1	f	0		f	f	t	2018-05-04 11:11:41.803245	\N	f
986	16	1050	35	4	Tuomassi-986	175	10	f	f	f	f	1	f	0		f	f	t	2018-05-04 11:11:41.803245	\N	f
987	16	1050	35	4	Tuomassi-987	175	9	f	f	f	f	1	f	0		f	f	t	2018-05-04 11:11:41.803245	\N	f
988	16	1050	35	4	Tuomassi-988	175	10	f	f	f	f	1	f	0		f	f	t	2018-05-04 11:11:41.803245	\N	f
989	16	621	25	4	Tuomassi-989	175	9	f	t	f	f	2	f	0	Air Force	f	f	t	2018-05-04 11:11:41.803245	\N	f
991	16	621	142	14	Tuomassi-991	171	10	t	t	f	f	1	f	0	Huk Lab	f	f	t	2018-05-04 11:11:41.803245	\N	f
992	16	1067	25	9	Tuomassi-992	180	10	f	f	f	f	1	f	0		f	f	t	2018-05-04 11:11:41.803245	\N	f
993	16	1067	25	9	Tuomassi-993	180	10	f	f	f	f	1	f	0		f	f	t	2018-05-04 11:11:41.803245	\N	f
994	16	1067	25	9	Tuomassi-994	180	10	f	f	f	f	1	f	0		f	f	t	2018-05-04 11:11:41.803245	\N	f
995	16	570	109	9	Tuomassi-995	175	10	f	t	f	t	1	f	0	South West Florida Open 2017	f	f	t	2018-05-04 11:11:41.803245	\N	f
996	16	770	54	13	Tuomassi-996	175	10	f	t	f	f	1	f	0	South West Florida Open 2017	f	f	t	2018-05-04 11:11:41.803245	\N	f
997	16	770	54	9	Tuomassi-997	174	10	f	t	f	f	1	f	0	South West Florida Open 2017	f	f	t	2018-05-04 11:11:41.803245	\N	f
990	16	621	142	14	Tuomassi-990	171	10	t	t	f	f	1	f	0	Huk Lab	f	f	t	2018-05-04 11:11:41.803245	\N	f
998	16	620	109	14	Tuomassi-998	175	10	f	t	f	f	1	f	0	South West Florida Open 2017	f	f	t	2018-05-04 11:11:41.803245	\N	f
999	16	931	64	10	Tuomassi-999	168	8	f	f	f	f	2	t	6		f	f	t	2018-05-04 11:11:41.803245	\N	f
1000	16	569	24	9	Tuomassi-1000	175	9	f	t	f	f	1	f	0	The Hat Guy 2015	f	f	t	2018-05-04 11:11:41.803245	\N	f
1001	16	721	82	9	Tuomassi-1001	174	9	f	f	f	f	1	f	0		f	f	t	2018-05-04 11:11:41.803245	\N	f
1002	16	721	82	9	Tuomassi-1002	170	9	f	f	f	f	2	f	0		f	f	t	2018-05-04 11:11:41.803245	\N	f
1003	16	569	24	9	Tuomassi-1003	175	9	f	t	f	f	1	f	0	LIFE	f	f	t	2018-05-04 11:11:41.803245	\N	f
1004	16	691	24	9	Tuomassi-1004	175	9	f	t	f	f	1	t	14	Huk Lab	f	f	t	2018-05-04 11:11:41.803245	\N	f
1005	16	570	109	12	Tuomassi-1005	175	10	f	t	f	f	1	f	0	South West Florida Open 2017	f	f	t	2018-05-04 11:11:41.803245	\N	f
1006	16	587	62	4	Tuomassi-1006	175	10	f	t	f	f	1	f	0	First Run	f	f	t	2018-05-04 11:11:41.803245	\N	f
1007	16	690	154	3	Tuomassi-1007	175	10	f	t	f	f	1	f	0	Leo Piironen	f	f	t	2018-05-04 11:11:41.803245	\N	f
1008	16	690	154	3	Tuomassi-1008	175	10	f	t	f	f	1	f	0	Leo Piironen	f	f	t	2018-05-04 11:11:41.803245	\N	f
1009	16	690	154	3	Tuomassi-1009	175	10	f	t	f	f	1	f	0	Leo Piironen	f	f	t	2018-05-04 11:11:41.803245	\N	f
1010	16	846	103	6	Tuomassi-1010	175	10	f	t	f	t	1	f	0	EO2016	f	f	t	2018-05-04 11:11:41.803245	\N	f
1011	16	854	146	10	Tuomassi-1011	174	10	f	t	f	f	1	f	0	Estonian Edition	f	f	t	2018-05-04 11:11:41.803245	\N	f
1014	16	854	146	10	Tuomassi-1014	174	10	f	t	f	f	1	f	0	Estonian Edition	f	f	t	2018-05-04 11:11:41.803245	\N	f
1015	16	854	31	3	Tuomassi-1015	174	10	f	t	f	f	1	f	0	MDGO2016	f	f	t	2018-05-04 11:11:41.803245	\N	f
1016	16	854	31	10	Tuomassi-1016	174	10	f	t	f	f	1	f	0	MDGO2016	f	f	t	2018-05-04 11:11:41.803245	\N	f
1017	16	854	31	10	Tuomassi-1017	174	10	f	t	f	f	1	f	0	MDGO2016	f	f	t	2018-05-04 11:11:41.803245	\N	f
1018	16	854	31	10	Tuomassi-1018	174	10	f	t	f	f	1	f	0	MDGO2016	f	f	t	2018-05-04 11:11:41.803245	\N	f
277	16	592	25	8	Hormoni-277	175	7	f	f	f	f	4	f	0		f	t	t	2018-05-04 11:11:41.803245	2018-05-22 12:53:44.935	t
272	16	611	25	8	Hormoni-272	170	8	f	f	f	f	2	f	0	Kaatiksen ysille hävisi	f	t	t	2018-05-04 11:11:41.803245	2018-05-22 12:55:03.975	t
1102	1	570	109	14	Bisse-1102	167	8	f	f	t	f	2	f	0	AJ 3-rivinen Hyzerberg	f	f	t	2018-07-06 17:36:57.475	2018-08-07 04:20:22.69	f
1071	2	867	41	3	pekkanyk-1071	175	8	f	f	f	f	2	f	0	Kadonnut Meilahteen	f	f	t	2018-05-23 09:31:37.779	2018-05-23 09:34:15.676	t
1072	2	854	45	9	pekkanyk-1072	175	8	f	f	f	f	2	f	0	Kadonnut Siltamäkeen	f	f	t	2018-05-23 09:34:34.579	2018-05-23 09:35:04.942	t
1074	2	738	53	3	pekkanyk-1074	175	8	f	f	t	f	2	f	0	Kadonnut Kivikkoon	f	f	t	2018-05-23 09:40:42.824	2018-05-23 09:41:19.888	t
1095	1	711	191	10	Bisse-1095	177	9	f	f	f	f	2	f	0		f	f	t	2018-07-06 17:23:50.585	2018-09-29 19:01:04.072	f
1075	2	873	96	4	pekkanyk-1075	175	8	f	f	f	f	4	f	0	Kadonnut Kivikkoon	f	f	t	2018-05-23 09:41:56.577	2018-05-23 09:42:37.295	t
1098	1	709	22	10	Bisse-1098	173	8	f	f	f	f	2	f	0		f	t	t	2018-07-06 17:31:09.587	2018-07-06 17:31:49.937	f
1076	2	616	62	3	pekkanyk-1076	175	8	f	f	f	f	2	f	0	Kadonnut Kivikkoon	f	f	t	2018-05-23 09:42:54.569	2018-05-23 09:43:31.404	t
1058	1	1048	103	14	Bisse-1058	172	9	f	t	f	t	2	t	10	Presidents cup 2017	f	f	t	2018-05-10 07:05:33.187	2018-07-04 14:12:31.435	f
1093	1	659	119	8	Bisse-1093	175	10	f	f	f	f	1	f	0		f	f	t	2018-07-06 17:16:32.827	2018-07-06 17:17:00.895	f
1073	2	733	82	6	pekkanyk-1073	175	8	f	f	t	f	2	f	0		f	f	t	2018-05-23 09:39:37.683	2018-10-06 14:08:37.41	f
1171	33	870	69	9	Ilkka-1171	173	10	f	f	f	f	1	f	0		f	f	t	2019-07-23 14:06:41.949	2019-07-23 14:07:08.269	f
1080	30	682	103	12	mimalin-1080	172	10	f	t	f	f	1	f	0	European Amateur open	f	f	f	2018-06-11 13:12:16.715	2018-06-11 13:13:37.388	f
1081	30	584	16	14	mimalin-1081	173	9	f	f	f	f	2	f	0		f	f	f	2018-06-11 13:14:55.643	2018-06-11 13:15:39.203	f
1099	1	715	22	10	Bisse-1099	175	8	f	f	f	f	2	f	0		f	f	t	2018-07-06 17:32:04.638	2019-08-21 07:00:34.22	f
1082	30	616	153	14	mimalin-1082	175	10	t	t	f	f	1	f	0	Calvin Heimburg	f	f	f	2018-06-11 13:16:39.876	2018-06-11 13:18:16.735	f
123	2	794	81	6	kiekko_1490883316.jpg	173	8	f	f	t	f	2	f	0	Kadonnut, Metsäjoe	f	t	t	2018-05-04 11:11:41.803245	2018-06-29 17:43:12.191	t
1083	30	577	153	4	mimalin-1083	175	10	t	t	f	f	1	f	0	Nate Sexton 2017 USDGC	f	f	f	2018-06-11 13:19:34.514	2018-06-11 13:21:01.984	f
76	2	688	24	3	kiekko_1490865294.jpg	175	8	f	f	t	f	2	f	0	Kadonnut, Mäeotsa	f	t	t	2018-05-04 11:11:41.803245	2018-06-29 17:43:44.1	t
1084	30	757	122	14	mimalin-1084	174	9	f	f	f	f	2	f	0		f	f	f	2018-06-11 13:21:39.089	2018-06-11 13:22:22.532	f
1085	30	757	122	14	mimalin-1085	174	9	f	f	f	f	2	f	0		f	f	f	2018-06-11 13:24:02.02	2018-06-11 13:24:35.4	f
1086	30	757	122	14	mimalin-1086	174	9	f	f	f	f	2	f	0		f	f	f	2018-06-11 13:25:16.742	2018-06-11 13:25:50.132	f
1087	30	757	122	14	mimalin-1087	174	9	f	f	f	f	2	f	0		f	f	f	2018-06-11 13:26:25.683	2018-06-11 13:26:58.673	f
1094	1	659	35	3	Bisse-1094	175	10	f	f	f	f	1	f	0		f	f	t	2018-07-06 17:17:24.751	2018-07-06 17:17:45.131	f
1100	1	668	109	10	Bisse-1100	175	10	f	f	f	f	1	f	0	stämppi poistettu	f	f	t	2018-07-06 17:34:32.052	2018-07-06 17:35:05.875	f
1101	1	598	109	14	Bisse-1101	170	10	f	f	t	f	1	f	0	bottom stamp	f	f	t	2018-07-06 17:35:42.534	2018-07-06 17:37:56.188	f
1174	33	1055	7	8	Ilkka-1174	173	10	f	f	f	f	1	f	0		f	f	t	2019-07-23 14:09:06.587	2019-07-23 14:09:39.515	f
195	1	569	24	10	Bizhop-195	175	9	f	f	f	f	2	f	0	Kadonnut Kivikon #13	f	f	t	2018-05-04 11:11:41.803245	2019-07-31 11:11:33.023	t
1088	33	577	153	6	Ilkka-1088	175	10	t	t	f	t	1	f	0		f	f	t	2018-06-18 17:07:59.775	2018-06-18 17:09:00.396	f
1089	33	577	153	6	Ilkka-1089	175	10	t	t	f	t	1	f	0		f	f	t	2018-06-18 17:09:19.82	2018-06-18 17:10:03.28	f
1090	33	611	109	6	Ilkka-1090	175	10	f	t	f	t	1	f	0		f	f	t	2018-06-18 17:10:24.168	2018-06-18 17:11:01.114	f
1077	33	771	73	8	Ilkka-1077	174	10	f	t	f	f	2	f	0		f	f	t	2018-05-28 17:14:26.852	2018-05-28 17:15:02.849	f
1078	33	771	73	8	Ilkka-1078	174	10	f	t	f	f	2	f	0		f	f	t	2018-05-28 17:15:23.937	2018-05-28 17:16:03.054	f
1097	1	716	117	9	Bisse-1097	178	8	f	f	f	f	2	f	0		f	t	t	2018-07-06 17:26:41.258	2019-08-21 07:07:13.114	f
1091	33	683	103	6	Ilkka-1091	175	10	f	t	f	t	1	f	0		f	f	t	2018-06-18 17:11:19.77	2018-06-18 17:11:55.543	f
1079	33	771	73	8	Ilkka-1079	174	10	f	t	f	f	2	f	0		f	f	t	2018-05-28 17:16:18.556	2018-05-28 17:16:41.506	f
1092	33	682	103	14	Ilkka-1092	175	10	f	t	f	f	1	f	0		f	f	t	2018-06-18 17:13:15.054	2018-06-18 17:13:55.677	f
1067	1	588	18	8	Bisse-1067	141	8	f	f	f	f	2	f	0		f	f	t	2018-05-17 11:21:14.214	2021-06-22 12:00:29.307	f
1170	1	701	117	14	Bisse-1170-1564161495675	175	8	f	f	f	f	2	f	0	Värjätty punaiseksi	f	f	t	2019-07-23 11:16:36.102	2021-06-22 12:01:34.91	f
637	33	584	90	6	Ilkka-637	175	8	f	f	t	f	2	f	0		f	f	t	2018-05-04 11:11:41.803245	\N	f
641	33	771	73	6	Ilkka-641	174	9	f	f	f	f	2	f	0		f	f	t	2018-05-04 11:11:41.803245	\N	f
232	1	854	146	3	Bizhop-232	175	8	f	t	f	f	2	f	0	Estonian Edition	f	f	t	2018-05-04 11:11:41.803245	2018-07-06 17:52:40.658	f
1177	1	749	101	12	Bisse-1177	175	10	f	f	f	f	1	f	0		f	f	t	2019-07-26 19:42:34.402	2019-07-26 20:32:05.107	f
1104	1	854	113	9	Bisse-1104	175	8	f	f	f	f	2	f	0	2015 Ledgestone	f	t	t	2018-07-06 17:41:08.01	2019-08-21 07:01:54.284	f
197	1	569	55	10	Bizhop-197	172	8	f	t	f	f	2	f	0	Lizotte Flying Circus	f	t	t	2018-05-04 11:11:41.803245	2019-08-21 07:02:15.066	f
1183	1	854	197	10	Bisse-1183	175	10	f	f	f	f	2	f	0		f	f	t	2020-08-15 19:55:52.79	2020-08-15 19:59:21.834	f
1106	1	571	146	10	Bisse-1106	175	8	f	t	f	f	2	f	0	32nd Seppo Nieminen Classic	f	f	t	2018-07-06 17:43:05.528	2021-06-22 11:59:00.51	f
1105	1	571	120	10	Bisse-1105	175	8	f	f	f	f	2	f	0	maailman pisin midariheitto mijaksessa -> lost	f	f	t	2018-07-06 17:42:12.512	2021-06-22 11:59:29.949	t
1096	1	572	41	3	Bisse-1096	175	8	f	f	f	f	2	f	0	Big Z	f	f	t	2018-07-06 17:25:06.785	2021-06-22 11:59:40.592	f
1176	1	1106	196	9	Bisse-1176	175	9	f	f	f	f	2	f	0		f	f	t	2019-07-26 19:40:56.433	2021-06-22 11:59:46.294	f
1178	1	571	45	9	Bisse-1178	177	8	f	f	f	f	2	f	0	McBeth FR	f	t	t	2019-08-02 18:26:14.875	2021-06-22 12:00:12.678	f
1107	1	701	117	10	Bisse-1107	171	8	f	f	t	f	2	f	0		f	f	t	2018-07-06 17:51:29.897	2021-06-22 12:01:40.089	f
647	33	794	95	7	Ilkka-647	175	10	f	f	f	f	1	f	0		f	f	t	2018-05-04 11:11:41.803245	\N	f
648	33	711	115	14	Ilkka-648	178	8	f	f	f	f	2	f	0	Invaasio 2016	f	f	t	2018-05-04 11:11:41.803245	\N	f
649	33	569	103	9	Ilkka-649	170	10	f	t	f	f	1	f	0		f	f	t	2018-05-04 11:11:41.803245	\N	f
508	33	765	17	8	Ilkka-508	174	10	f	t	f	f	2	f	0		f	f	t	2018-05-04 11:11:41.803245	\N	f
533	33	764	54	6	Ilkka-533	176	9	f	f	f	f	2	f	0		f	f	t	2018-05-04 11:11:41.803245	2019-05-07 08:19:16.645	f
636	33	584	90	3	Ilkka-636	175	7	f	f	f	f	2	f	0		f	f	t	2018-05-04 11:11:41.803245	\N	f
629	33	711	115	6	Ilkka-629	177	10	f	f	f	f	1	f	0	Invaasio 2016	f	f	t	2018-05-04 11:11:41.803245	\N	f
631	33	733	58	6	Ilkka-631	169	10	f	f	f	f	1	f	0	Tyyni 2017	f	f	t	2018-05-04 11:11:41.803245	\N	f
632	33	1045	117	9	Ilkka-632	175	9	f	f	f	f	2	f	0		f	f	t	2018-05-04 11:11:41.803245	\N	f
509	33	766	54	15	Ilkka-509	175	8	f	f	f	f	2	f	0		f	f	t	2018-05-04 11:11:41.803245	\N	f
510	33	766	17	15	Ilkka-510	174	9	f	f	f	f	2	f	0		f	f	t	2018-05-04 11:11:41.803245	\N	f
589	33	622	109	14	Ilkka-589	168	7	f	f	f	f	3	f	0		f	f	t	2018-05-04 11:11:41.803245	\N	f
511	33	770	73	14	Ilkka-511	176	10	f	t	f	f	2	f	0		f	f	t	2018-05-04 11:11:41.803245	\N	f
590	33	619	109	7	Ilkka-590	172	7	f	f	f	f	3	f	0		f	f	t	2018-05-04 11:11:41.803245	\N	f
513	33	770	73	14	Ilkka-513	172	7	f	f	f	f	2	f	0		f	f	t	2018-05-04 11:11:41.803245	\N	f
591	33	644	62	4	Ilkka-591	172	10	f	f	f	f	1	f	0		f	f	t	2018-05-04 11:11:41.803245	\N	f
502	33	783	73	10	Ilkka-502	175	10	f	f	f	f	1	f	0		f	f	t	2018-05-04 11:11:41.803245	\N	f
503	33	783	73	10	Ilkka-503	175	10	f	f	f	f	1	f	0		f	f	t	2018-05-04 11:11:41.803245	\N	f
504	33	783	73	1	Ilkka-504	175	10	f	f	f	f	1	f	0		f	f	t	2018-05-04 11:11:41.803245	\N	f
506	33	765	54	11	Ilkka-506	168	7	f	f	f	f	2	f	0		f	f	t	2018-05-04 11:11:41.803245	\N	f
586	33	610	25	6	Ilkka-586	175	9	f	f	t	f	2	f	0		f	f	t	2018-05-04 11:11:41.803245	\N	f
587	33	610	25	8	Ilkka-587	168	8	f	f	f	f	2	f	0		f	f	t	2018-05-04 11:11:41.803245	\N	f
588	33	608	18	13	Ilkka-588	150	8	f	f	f	f	3	f	0		f	f	t	2018-05-04 11:11:41.803245	\N	f
592	33	637	25	12	Ilkka-592	175	8	f	f	f	f	2	f	0		f	f	t	2018-05-04 11:11:41.803245	\N	f
593	33	642	25	15	Ilkka-593	175	7	f	f	f	f	2	f	0		f	f	t	2018-05-04 11:11:41.803245	\N	f
526	33	777	152	1	Ilkka-526	177	10	t	f	f	f	2	f	0		f	f	t	2018-05-04 11:11:41.803245	\N	f
527	33	777	152	1	Ilkka-527	177	9	t	f	f	f	2	f	0		f	f	t	2018-05-04 11:11:41.803245	\N	f
529	33	778	54	6	Ilkka-529	179	8	f	f	f	t	2	f	0		f	f	t	2018-05-04 11:11:41.803245	\N	f
531	33	772	54	9	Ilkka-531	175	9	f	f	f	f	1	f	0		f	f	t	2018-05-04 11:11:41.803245	\N	f
650	33	611	153	9	Ilkka-650	175	10	t	t	f	f	1	f	0		f	f	t	2018-05-04 11:11:41.803245	\N	f
651	33	1047	24	1	Ilkka-651	180	10	f	t	f	f	1	f	0		f	f	t	2018-05-04 11:11:41.803245	\N	f
485	33	1061	91	12	Ilkka-485	173	9	f	f	f	f	3	f	0		f	f	t	2018-05-04 11:11:41.803245	\N	f
486	33	1061	91	14	Ilkka-486	175	8	f	f	f	f	2	f	0		f	f	t	2018-05-04 11:11:41.803245	\N	f
487	33	1061	91	10	Ilkka-487	173	9	f	f	f	f	1	f	0		f	f	t	2018-05-04 11:11:41.803245	\N	f
488	33	1061	91	10	Ilkka-488	173	8	f	f	f	f	1	f	0		f	f	t	2018-05-04 11:11:41.803245	\N	f
489	33	1061	91	6	Ilkka-489	175	10	f	t	f	f	1	f	0		f	f	t	2018-05-04 11:11:41.803245	\N	f
490	33	1061	91	2	Ilkka-490	174	8	f	f	f	f	1	f	0		f	f	t	2018-05-04 11:11:41.803245	\N	f
491	33	1061	91	8	Ilkka-491	172	8	f	f	f	f	1	f	0		f	f	t	2018-05-04 11:11:41.803245	\N	f
600	33	887	41	8	Ilkka-600	175	7	f	f	f	f	2	f	0	misprint	f	f	t	2018-05-04 11:11:41.803245	\N	f
492	33	1061	91	8	Ilkka-492	172	9	f	f	f	f	1	f	0		f	f	t	2018-05-04 11:11:41.803245	\N	f
493	33	783	91	2	Ilkka-493	174	10	f	f	f	f	1	f	0		f	f	t	2018-05-04 11:11:41.803245	\N	f
494	33	783	91	14	Ilkka-494	174	7	f	f	f	f	2	f	0		f	f	t	2018-05-04 11:11:41.803245	\N	f
608	33	871	67	8	Ilkka-608	175	8	f	f	f	f	2	f	0		f	f	t	2018-05-04 11:11:41.803245	\N	f
609	33	693	23	14	Ilkka-609	175	7	f	f	f	f	3	f	0		f	f	t	2018-05-04 11:11:41.803245	\N	f
611	33	757	58	6	Ilkka-611	174	10	f	f	f	f	1	f	0	Tyyni 2017	f	f	t	2018-05-04 11:11:41.803245	\N	f
534	33	768	73	6	Ilkka-534	172	8	f	f	t	f	2	f	0		f	f	t	2018-05-04 11:11:41.803245	\N	f
613	33	744	58	10	Ilkka-613	175	7	f	f	f	f	2	f	0		f	f	t	2018-05-04 11:11:41.803245	\N	f
536	33	772	54	11	Ilkka-536	171	8	f	f	f	f	2	f	0		f	f	t	2018-05-04 11:11:41.803245	\N	f
538	33	772	54	14	Ilkka-538	172	10	f	f	f	f	2	f	0		f	f	t	2018-05-04 11:11:41.803245	\N	f
540	33	577	25	8	Ilkka-540	175	10	f	t	f	f	1	f	0		f	f	t	2018-05-04 11:11:41.803245	\N	f
541	33	611	153	13	Ilkka-541	175	10	t	t	f	f	1	f	0		f	f	t	2018-05-04 11:11:41.803245	\N	f
542	33	700	20	3	Ilkka-542	170	5	f	f	f	f	3	f	0		f	f	t	2018-05-04 11:11:41.803245	\N	f
642	33	1060	117	4	Ilkka-642	178	9	f	f	f	f	3	f	0		f	f	t	2018-05-04 11:11:41.803245	\N	f
622	33	1060	117	4	Ilkka-622	175	10	f	f	f	f	1	f	0		f	f	t	2018-05-04 11:11:41.803245	\N	f
643	33	928	69	14	Ilkka-643	175	6	f	f	f	f	2	f	0		f	f	t	2018-05-04 11:11:41.803245	\N	f
507	33	765	54	6	Ilkka-507	172	9	f	f	f	t	2	f	0		f	f	t	2018-05-04 11:11:41.803245	\N	f
646	33	928	67	6	Ilkka-646	175	10	f	f	t	f	2	f	0		f	f	t	2018-05-04 11:11:41.803245	\N	f
495	33	783	26	14	Ilkka-495	174	10	f	f	f	f	2	f	0		f	f	t	2018-05-04 11:11:41.803245	\N	f
497	33	783	28	14	Ilkka-497	176	8	f	f	f	f	2	f	0		f	t	t	2018-05-04 11:11:41.803245	\N	f
498	33	783	28	14	Ilkka-498	176	9	f	f	f	f	2	f	0		f	f	t	2018-05-04 11:11:41.803245	\N	f
499	33	783	26	14	Ilkka-499	174	10	f	f	f	f	2	f	0		f	f	t	2018-05-04 11:11:41.803245	\N	f
501	33	783	73	10	Ilkka-501	175	10	f	f	f	f	1	f	0		f	f	t	2018-05-04 11:11:41.803245	\N	f
496	33	783	26	14	Ilkka-496	174	9	f	f	f	f	2	f	0		f	t	t	2018-05-04 11:11:41.803245	\N	f
604	33	733	58	6	Ilkka-604	169	10	f	f	f	f	1	f	0		f	f	t	2018-05-04 11:11:41.803245	\N	f
543	33	617	98	9	Ilkka-543	175	6	f	f	f	f	3	f	0		f	f	t	2018-05-04 11:11:41.803245	\N	f
544	33	595	98	3	Ilkka-544	175	6	f	f	f	f	3	f	0		f	f	t	2018-05-04 11:11:41.803245	\N	f
545	33	689	24	4	Ilkka-545	172	10	f	f	f	f	1	f	0		f	f	t	2018-05-04 11:11:41.803245	\N	f
546	33	570	77	8	Ilkka-546	175	10	f	f	f	f	1	f	0		f	f	t	2018-05-04 11:11:41.803245	\N	f
618	33	733	58	6	Ilkka-618	169	10	f	f	f	f	1	f	0	Tyyni 2017	f	f	t	2018-05-04 11:11:41.803245	\N	f
617	33	1063	67	12	Ilkka-617	175	8	f	f	f	f	2	f	0		f	f	t	2018-05-04 11:11:41.803245	\N	f
548	33	570	18	8	Ilkka-548	159	7	f	f	f	f	2	f	0		f	f	t	2018-05-04 11:11:41.803245	\N	f
652	33	577	25	8	Ilkka-652	175	10	f	t	f	f	1	f	0		f	f	t	2018-05-04 11:11:41.803245	\N	f
549	33	577	109	8	Ilkka-549	175	6	f	f	f	f	2	f	0		f	f	t	2018-05-04 11:11:41.803245	\N	f
656	33	1061	91	11	Ilkka-656	173	8	f	f	f	f	1	f	0		f	t	t	2018-05-04 11:11:41.803245	\N	f
657	33	1061	91	6	Ilkka-657	173	8	f	f	f	f	1	f	0		f	t	t	2018-05-04 11:11:41.803245	\N	f
525	33	777	152	1	Ilkka-525	176	9	t	f	f	f	2	f	0		f	f	t	2018-05-04 11:11:41.803245	\N	f
550	33	616	62	4	Ilkka-550	175	7	f	f	f	f	2	f	0		f	f	t	2018-05-04 11:11:41.803245	\N	f
623	33	693	23	2	Ilkka-623	175	7	f	f	f	f	1	f	0		f	f	t	2018-05-04 11:11:41.803245	\N	f
624	33	693	23	2	Ilkka-624	174	7	f	f	f	f	3	f	0		f	f	t	2018-05-04 11:11:41.803245	\N	f
626	33	693	23	2	Ilkka-626	175	7	f	f	f	f	4	f	0		f	f	t	2018-05-04 11:11:41.803245	\N	f
625	33	693	23	2	Ilkka-625	175	7	f	f	f	f	4	f	0		f	f	t	2018-05-04 11:11:41.803245	\N	f
627	33	693	23	2	Ilkka-627	174	7	f	f	f	f	3	f	0		f	f	t	2018-05-04 11:11:41.803245	\N	f
658	33	1061	91	9	Ilkka-658	173	9	f	f	f	f	1	f	0		f	t	t	2018-05-04 11:11:41.803245	\N	f
659	33	783	73	10	Ilkka-659	175	9	f	f	f	f	2	f	0		f	t	t	2018-05-04 11:11:41.803245	\N	f
660	33	783	91	2	Ilkka-660	173	8	f	f	f	f	2	f	0		f	t	t	2018-05-04 11:11:41.803245	\N	f
661	33	780	73	3	Ilkka-661	176	9	f	f	f	f	2	f	0		f	t	t	2018-05-04 11:11:41.803245	\N	f
662	33	777	73	8	Ilkka-662	180	8	f	f	f	f	2	f	0		f	t	t	2018-05-04 11:11:41.803245	\N	f
663	33	778	50	8	Ilkka-663	166	8	f	f	f	f	2	f	0		f	t	t	2018-05-04 11:11:41.803245	\N	f
664	33	775	73	3	Ilkka-664	172	7	f	f	t	f	2	f	0		f	t	t	2018-05-04 11:11:41.803245	\N	f
665	33	766	17	15	Ilkka-665	174	8	f	f	f	f	2	f	0		f	t	t	2018-05-04 11:11:41.803245	\N	f
666	33	766	54	15	Ilkka-666	171	8	f	f	f	f	2	f	0		f	t	t	2018-05-04 11:11:41.803245	\N	f
667	33	766	54	15	Ilkka-667	172	8	f	f	t	f	2	f	0		f	t	t	2018-05-04 11:11:41.803245	\N	f
669	33	771	73	8	Ilkka-669	170	8	f	f	f	f	2	f	0		f	t	t	2018-05-04 11:11:41.803245	\N	f
670	33	770	73	8	Ilkka-670	171	8	f	f	f	f	2	f	0		f	t	t	2018-05-04 11:11:41.803245	\N	f
671	33	772	73	9	Ilkka-671	174	7	f	f	f	f	2	f	0		f	t	t	2018-05-04 11:11:41.803245	\N	f
673	33	765	17	8	Ilkka-673	174	9	f	t	f	f	2	f	0		f	t	t	2018-05-04 11:11:41.803245	\N	f
674	33	1057	17	12	Ilkka-674	175	8	f	f	f	f	2	f	0		f	t	t	2018-05-04 11:11:41.803245	\N	f
676	33	769	73	10	Ilkka-676	176	7	f	f	f	f	2	f	0		f	t	t	2018-05-04 11:11:41.803245	\N	f
678	33	771	73	10	Ilkka-678	175	10	f	t	f	f	1	f	0		f	f	t	2018-05-04 11:11:41.803245	\N	f
679	33	1061	91	2	Ilkka-679	175	10	f	t	f	f	1	f	0		f	f	t	2018-05-04 11:11:41.803245	\N	f
680	33	1061	27	14	Ilkka-680	175	10	f	t	f	f	1	f	0		f	f	t	2018-05-04 11:11:41.803245	\N	f
681	33	766	73	14	Ilkka-681	175	10	f	t	f	f	1	f	0		f	f	t	2018-05-04 11:11:41.803245	\N	f
630	33	775	54	6	Ilkka-630	174	10	f	f	f	f	1	f	0		f	f	t	2018-05-04 11:11:41.803245	\N	f
675	33	786	73	4	Ilkka-675	158	8	f	f	f	f	2	f	0		f	f	t	2018-05-04 11:11:41.803245	\N	f
668	33	771	73	12	Ilkka-668	170	8	f	f	f	f	2	f	0		f	f	t	2018-05-04 11:11:41.803245	\N	f
620	33	1056	117	3	Ilkka-620	171	9	f	f	f	f	2	f	0	Tyyni 2017	f	f	t	2018-05-04 11:11:41.803245	\N	f
603	33	1056	117	14	Ilkka-603	176	10	f	f	f	f	1	f	0	Tyyni 2017	f	f	t	2018-05-04 11:11:41.803245	\N	f
475	33	783	91	14	pekkanyk-475	177	10	f	f	f	f	1	f	6	TC2016	f	f	t	2018-05-04 11:11:41.803245	\N	f
368	33	1057	73	3	pekkanyk-368	174	10	f	t	f	f	1	f	13		f	f	t	2018-05-04 11:11:41.803245	\N	f
474	33	1061	91	11	pekkanyk-474	173	8	f	f	f	f	2	f	6	TC2017	f	f	t	2018-05-04 11:11:41.803245	\N	f
602	33	1062	21	3	Ilkka-602	173	10	f	f	f	f	1	f	0	Invaasio 2017	f	f	t	2018-05-04 11:11:41.803245	\N	f
610	33	1045	21	9	Ilkka-610	174	10	f	f	f	f	1	f	0	Invaasio 2017	f	f	t	2018-05-04 11:11:41.803245	\N	f
672	33	765	17	9	Ilkka-672	173	8	f	f	f	f	2	f	0		f	f	t	2018-05-04 11:11:41.803245	2018-07-07 18:19:10.965	f
\.


--
-- Data for Name: kirppis; Type: TABLE DATA; Schema: public; Owner: hamsteri
--

COPY public.kirppis (id, kiekko_id, member_id, loytopaikka, puhelin, hakupaikka) FROM stdin;
\.


--
-- Data for Name: members; Type: TABLE DATA; Schema: public; Owner: hamsteri
--

COPY public.members (id, username, email, level, etunimi, sukunimi, pdga_num, public_list, public_disc_count, disc_count, created_at, updated_at) FROM stdin;
79	Uusi79	mikko.solismaa@gmail.com	1	Uusi	Käyttäjä	0	f	f	0	2018-05-04 11:11:41.860635	\N
29	Uusi29	ari.jantti@gmail.com	1	Uusi	Käyttäjä	0	f	f	0	2018-05-04 11:11:41.860635	\N
31	Uusi31	johan.nykanen@discgolfvikings.fi	1	Uusi	Käyttäjä	0	f	f	0	2018-05-04 11:11:41.860635	\N
32	Uusi32	tom.koskikallio@gmail.com	1	Uusi	Käyttäjä	0	f	f	0	2018-05-04 11:11:41.860635	\N
34	Uusi34	mikko.riekkola@gmail.com	1	Uusi	Käyttäjä	0	f	f	0	2018-05-04 11:11:41.860635	\N
35	JohannesF	j.flinkkila@gmail.com	1	Johannes	Flinkkilä	0	f	f	0	2018-05-04 11:11:41.860635	\N
36	juhakyto	juha@nbdg.fi	1	Juha	Kytö	52480	f	f	0	2018-05-04 11:11:41.860635	\N
37	Kaukojoonas	kaukoranta.joonas@gmail.com	1	Joonas	Kaukoranta	91965	f	f	0	2018-05-04 11:11:41.860635	\N
40	Lauri	ronnlauri@gmail.com	1	Lauri	Rönn	79801	f	f	0	2018-05-04 11:11:41.860635	\N
41	Lessi	mikael.lesch@gmail.com	1	Mikael	Lesch	79821	f	f	0	2018-05-04 11:11:41.860635	\N
42	shoit78	shoit1978@gmail.com	1	Stig	Holmberg	80999	f	f	0	2018-05-04 11:11:41.860635	\N
43	Uusi43	m.kytoaho@gmail.com	1	Uusi	Käyttäjä	0	f	f	0	2018-05-04 11:11:41.860635	\N
44	Vikstve	vikstve@gmail.com	1	Vesa	Viksten	92958	f	f	0	2018-05-04 11:11:41.860635	\N
45	Mäksy	maksyy1@gmail.com	1	Sami	Mäkelä	0	f	f	0	2018-05-04 11:11:41.860635	\N
46	Uusi46	tony.haggman@gmail.com	1	Uusi	Käyttäjä	0	f	f	0	2018-05-04 11:11:41.860635	\N
28	kkiki	kiti.eerola@gmail.com	1	Kiti	Eerola	79819	f	f	1	2018-05-04 11:11:41.860635	\N
27	kurre	juha.orava@gmail.com	1	Juha	Orava	79889	f	f	12	2018-05-04 11:11:41.860635	\N
38	Laura	laura.heikkila@mail.com	1	Laura	Heikkilä	79708	f	f	2	2018-05-04 11:11:41.860635	\N
80	Poskimasa	tommilehtinen@hotmail.com	1	Tommi	Lehtinen	83621	f	f	0	2018-05-04 11:11:41.860635	\N
81	Uusi81	tommi.lehtinen@discgolfvikings.fi	1	Uusi	Käyttäjä	0	f	f	0	2018-05-04 11:11:41.860635	\N
87	Uusi87	juha.kettumaki@gmail.com	1	Uusi	Käyttäjä	0	f	f	0	2018-10-01 11:34:09.341	2018-10-01 11:34:09.345
88	Uusi88	krister.etzell@gmail.com	1	Uusi	Käyttäjä	0	f	f	0	2018-10-01 20:26:01.143	2018-10-01 20:26:01.15
1	Bisse	ville.piispa@gmail.com	2	Ville	Piispa	90315	t	t	81	2018-05-04 11:11:41.860635	2021-06-22 12:02:53.648
2	pekkanyk	qru1982@gmail.com	2	Pekka	Nykänen	90313	t	t	132	2018-05-04 11:11:41.860635	2018-10-06 14:59:46.868
101	Uusi101	markku1982@gmail.com	1	Uusi	Käyttäjä	0	f	f	0	2021-06-28 20:06:40.186	2021-06-28 20:06:40.196
89	Uusi89	ville.piispa@valuemotive.com	1	Uusi	Käyttäjä	90313	f	f	0	2018-10-16 06:30:33.811	2018-10-16 06:30:44.34
90	Uusi90	Samuel@alphadigital.io	1	Uusi	Käyttäjä	0	f	f	0	2018-10-18 16:09:29.027	2018-10-18 16:09:29.071
97	Kaukojoonas	kaukojoonas88@gmail.com	1	Joonas	Kaukoranta	91965	f	f	0	2019-10-19 14:40:31.874	2019-10-19 14:41:15.152
102	Mara	mara.huhtala@gmail.com	1	Mara	Huhtala	0	f	f	0	2021-07-26 19:03:12.268	2021-07-26 19:04:12.704
92	Uusi92	valtteri.lonngren@gmail.com	1	Uusi	Käyttäjä	0	f	f	0	2018-11-26 06:37:42.501	2018-11-26 06:37:42.526
16	Tuomassi	hormoni@gmail.com	2	Tuomas	Sievers	70697	t	t	314	2018-05-04 11:11:41.860635	2019-01-03 08:51:44.066
93	Uusi93	turkka.maisala@gmail.com	1	Uusi	Käyttäjä	107676	f	f	0	2019-06-11 12:11:31.845	2019-06-11 12:11:53.703
94	oahola	oahola94@gmail.com	1	Olli	Ahola	111306	f	f	0	2019-06-11 12:13:53.136	2019-06-11 12:14:36.779
95	Uusi95	arttu.pelgonen@gmail.com	1	Uusi	Käyttäjä	0	f	f	0	2019-06-11 15:22:40.577	2019-06-11 15:22:40.589
82	Uusi82	tomi.p.kulmala@gmail.com	1	Uusi	Käyttäjä	0	f	f	0	2018-10-01 08:42:15.117	2018-10-01 08:42:15.138
83	Uusi83	7silakka6@gmail.com	1	Uusi	Käyttäjä	0	f	f	0	2018-10-01 09:01:37.028	2018-10-01 09:01:37.04
84	Uusi84	westerbergseb@gmail.com	1	Uusi	Käyttäjä	0	f	f	0	2018-10-01 09:18:17.487	2018-10-01 09:18:17.497
85	Uusi85	heikkila.k.juha@gmail.com	1	Uusi	Käyttäjä	0	f	f	0	2018-10-01 09:36:56.87	2018-10-01 09:36:56.876
86	Uusi86	mio1.nykanen@gmail.com	1	Uusi	Käyttäjä	0	f	f	0	2018-10-01 11:02:43.808	2018-10-01 11:02:43.838
30	mimalin	mika.malin301@gmail.com	1	Mika	Malin	85775	f	t	230	2018-05-04 11:11:41.860635	2018-06-11 13:26:25.704
33	Ilkka	ilkka.julkunen@gmail.com	1	Ilkka	Julkunen	81537	t	t	150	2018-05-04 11:11:41.860635	2019-07-23 14:10:20.349
98	Uusi98	ville.hyvarinen@talea.fi	1	Uusi	Käyttäjä	0	f	f	0	2020-03-02 14:32:12.844	2020-03-02 14:32:12.862
99	Uusi99	hyvarinen_ville@hotmail.com	1	Uusi	Käyttäjä	0	f	f	0	2020-04-23 14:16:51.276	2020-04-23 14:16:51.312
100	jantuomi	jans.tuomi@gmail.com	1	Jan	Tuomi	0	t	t	0	2020-06-23 12:10:14.33	2020-06-23 12:23:35.078
91	AleW	aawee92@gmail.com	1	Alexander	Wickholm	114614	f	f	0	2018-11-25 22:25:41.247	2019-08-03 16:30:25.2
96	HVahla	harri.vahla@gmail.com	1	Harri	Vahla	80295	f	f	0	2019-08-21 06:54:38.629	2019-08-21 06:55:18.727
\.


--
-- Data for Name: ostot; Type: TABLE DATA; Schema: public; Owner: hamsteri
--

COPY public.ostot (id, kiekko_id, myyja, ostaja, status, created_at, updated_at) FROM stdin;
5	368	2	2	2	2018-05-04 11:11:42.129879	2018-05-07 14:18:46.19202
6	400	16	2	2	2018-05-04 11:11:42.129879	2018-05-07 14:18:46.19202
7	400	16	2	1	2018-05-04 11:11:42.129879	2018-05-07 14:18:46.19202
9	475	2	33	1	2018-05-04 11:11:42.129879	2018-05-07 14:18:46.19202
10	368	2	33	1	2018-05-04 11:11:42.129879	2018-05-07 14:18:46.19202
11	474	2	33	1	2018-05-04 11:11:42.129879	2018-05-07 14:18:46.19202
43	950	16	2	1	2018-05-04 11:11:42.129879	2018-05-07 14:18:46.19202
44	555	30	86	0	2018-10-01 11:03:56.713	2018-10-01 11:03:56.713
45	192	1	100	2	2020-06-23 12:24:05.254	2020-06-23 12:24:14.865
\.


--
-- Data for Name: r_mold; Type: TABLE DATA; Schema: public; Owner: hamsteri
--

COPY public.r_mold (id, valmistaja_id, kiekko, nopeus, liito, vakaus, feidi, created_at, updated_at) FROM stdin;
568	11	Tern (star)	12.0	6.0	-3.0	2.0	2018-05-04 11:11:41.860635	\N
569	6	FD	7.0	6.0	-1.0	1.0	2018-05-04 11:11:41.860635	\N
570	11	Destroyer	12.0	5.0	-1.0	3.0	2018-05-04 11:11:41.860635	\N
571	7	Buzzz	5.0	4.0	-1.0	1.0	2018-05-04 11:11:41.860635	\N
572	7	Buzzz OS	5.0	4.0	0.0	3.0	2018-05-04 11:11:41.860635	\N
573	18	Pa3	2.0	2.0	-1.0	1.0	2018-05-04 11:11:41.860635	\N
574	18	Pa1	2.0	2.0	0.0	2.0	2018-05-04 11:11:41.860635	\N
575	18	Pa2	2.0	2.0	0.0	1.0	2018-05-04 11:11:41.860635	\N
576	11	Beast-X	10.0	5.0	-2.0	2.0	2018-05-04 11:11:41.860635	\N
577	11	Firebird	9.0	3.0	0.0	4.0	2018-05-04 11:11:41.860635	\N
578	19	LASERi	9.0	4.0	-1.0	2.0	2018-05-04 11:11:41.860635	\N
579	24	Jun	11.0	5.0	-1.0	2.0	2018-05-04 11:11:41.860635	\N
580	24	Hu	9.0	5.0	-2.0	2.0	2018-05-04 11:11:41.860635	\N
581	24	Gou	8.0	5.0	-4.0	1.0	2018-05-04 11:11:41.860635	\N
582	24	Da E	13.0	5.0	0.0	3.0	2018-05-04 11:11:41.860635	\N
583	12	Grym	13.0	5.0	-2.0	2.0	2018-05-04 11:11:41.860635	\N
584	19	JOKERi	4.0	3.0	0.0	2.0	2018-05-04 11:11:41.860635	\N
585	11	Colossus	14.0	5.0	-2.0	3.0	2018-05-04 11:11:41.860635	\N
586	11	Vulcan	13.0	5.0	-4.0	2.0	2018-05-04 11:11:41.860635	\N
587	11	Shryke	13.0	6.0	-2.0	2.0	2018-05-04 11:11:41.860635	\N
588	11	Katana	13.0	5.0	-3.0	3.0	2018-05-04 11:11:41.860635	\N
589	11	Groove	13.0	6.0	-2.0	2.0	2018-05-04 11:11:41.860635	\N
590	11	Dominator	13.0	5.0	-1.0	2.0	2018-05-04 11:11:41.860635	\N
591	11	Daedalus	13.0	6.0	-3.0	2.0	2018-05-04 11:11:41.860635	\N
592	11	Boss	13.0	5.0	-1.0	3.0	2018-05-04 11:11:41.860635	\N
593	11	Ape	13.0	5.0	0.0	4.0	2018-05-04 11:11:41.860635	\N
594	11	XCaliber	12.0	5.0	0.0	4.0	2018-05-04 11:11:41.860635	\N
595	11	Wahoo	12.0	6.0	-2.0	2.0	2018-05-04 11:11:41.860635	\N
596	11	Tern	12.0	6.0	-3.0	2.0	2018-05-04 11:11:41.860635	\N
597	11	Teedevil	12.0	5.0	-1.0	2.0	2018-05-04 11:11:41.860635	\N
598	11	Wraith	11.0	5.0	-1.0	3.0	2018-05-04 11:11:41.860635	\N
599	11	Teerex	11.0	4.0	0.0	4.0	2018-05-04 11:11:41.860635	\N
600	11	Max	11.0	3.0	0.0	5.0	2018-05-04 11:11:41.860635	\N
601	11	Mamba	11.0	6.0	-5.0	1.0	2018-05-04 11:11:41.860635	\N
602	11	Krait	11.0	5.0	-1.0	2.0	2018-05-04 11:11:41.860635	\N
603	11	Archon	11.0	5.0	-2.0	2.0	2018-05-04 11:11:41.860635	\N
604	11	Starfire	10.0	4.0	0.0	3.0	2018-05-04 11:11:41.860635	\N
605	11	Orc	10.0	4.0	-1.0	3.0	2018-05-04 11:11:41.860635	\N
606	11	Monster	10.0	3.0	0.0	5.0	2018-05-04 11:11:41.860635	\N
607	11	Monarch	10.0	5.0	-4.0	1.0	2018-05-04 11:11:41.860635	\N
608	11	Beast	10.0	5.0	-2.0	2.0	2018-05-04 11:11:41.860635	\N
609	11	Vikings	9.0	4.0	-1.0	2.0	2018-05-04 11:11:41.860635	\N
610	11	Valkyrie	9.0	4.0	-2.0	2.0	2018-05-04 11:11:41.860635	\N
611	11	Thunderbird	9.0	5.0	0.0	2.0	2018-05-04 11:11:41.860635	\N
612	11	Sidewinder	9.0	5.0	-3.0	1.0	2018-05-04 11:11:41.860635	\N
613	11	Roadrunner	9.0	5.0	-4.0	1.0	2018-05-04 11:11:41.860635	\N
614	11	FL	9.0	3.0	0.0	2.0	2018-05-04 11:11:41.860635	\N
615	11	TL3	8.0	4.0	0.0	2.0	2018-05-04 11:11:41.860635	\N
616	11	Teebird3	8.0	4.0	0.0	2.0	2018-05-04 11:11:41.860635	\N
617	11	Dragon	8.0	5.0	-2.0	2.0	2018-05-04 11:11:41.860635	\N
618	11	Archangel	8.0	6.0	-4.0	1.0	2018-05-04 11:11:41.860635	\N
619	11	TL	7.0	5.0	0.0	1.0	2018-05-04 11:11:41.860635	\N
620	11	Teebird	7.0	5.0	0.0	2.0	2018-05-04 11:11:41.860635	\N
621	11	Leopard3	7.0	5.0	-2.0	1.0	2018-05-04 11:11:41.860635	\N
622	11	Eagle	7.0	4.0	-1.0	3.0	2018-05-04 11:11:41.860635	\N
623	11	Banshee	7.0	3.0	0.0	3.0	2018-05-04 11:11:41.860635	\N
624	11	Whippet	6.0	3.0	1.0	5.0	2018-05-04 11:11:41.860635	\N
625	11	Viper	6.0	4.0	1.0	5.0	2018-05-04 11:11:41.860635	\N
626	11	Leopard	6.0	5.0	-2.0	1.0	2018-05-04 11:11:41.860635	\N
627	11	Gazelle	6.0	4.0	0.0	2.0	2018-05-04 11:11:41.860635	\N
628	11	Cheetah	6.0	4.0	-2.0	2.0	2018-05-04 11:11:41.860635	\N
629	11	Wombat	5.0	6.0	-1.0	0.0	2018-05-04 11:11:41.860635	\N
630	11	VCobra	5.0	5.0	-1.0	2.0	2018-05-04 11:11:41.860635	\N
631	11	Spider	5.0	3.0	0.0	1.0	2018-05-04 11:11:41.860635	\N
632	11	Skeeter	5.0	5.0	-1.0	1.0	2018-05-04 11:11:41.860635	\N
633	11	Shark3	5.0	4.0	0.0	2.0	2018-05-04 11:11:41.860635	\N
634	11	Roc3	5.0	4.0	0.0	3.0	2018-05-04 11:11:41.860635	\N
635	11	Panther	5.0	4.0	-2.0	1.0	2018-05-04 11:11:41.860635	\N
636	11	Manta	5.0	5.0	-2.0	2.0	2018-05-04 11:11:41.860635	\N
637	11	Mako3	5.0	5.0	0.0	0.0	2018-05-04 11:11:41.860635	\N
638	11	Kite	5.0	6.0	-3.0	1.0	2018-05-04 11:11:41.860635	\N
639	11	Gator	5.0	2.0	0.0	3.0	2018-05-04 11:11:41.860635	\N
640	11	Foxbat	5.0	6.0	-1.0	0.0	2018-05-04 11:11:41.860635	\N
641	11	Cro	5.0	3.0	0.0	2.0	2018-05-04 11:11:41.860635	\N
642	11	Atlas	5.0	4.0	0.0	1.0	2018-05-04 11:11:41.860635	\N
643	11	Wolf	4.0	3.0	-4.0	1.0	2018-05-04 11:11:41.860635	\N
644	11	VRoc	4.0	4.0	0.0	1.0	2018-05-04 11:11:41.860635	\N
645	11	Stingray	4.0	5.0	-3.0	1.0	2018-05-04 11:11:41.860635	\N
646	11	Shark	4.0	4.0	0.0	2.0	2018-05-04 11:11:41.860635	\N
647	11	Roc+	4.0	5.0	0.0	2.0	2018-05-04 11:11:41.860635	\N
648	11	Roc	4.0	4.0	0.0	3.0	2018-05-04 11:11:41.860635	\N
649	11	Mako	4.0	5.0	0.0	0.0	2018-05-04 11:11:41.860635	\N
650	11	King Cobra	4.0	5.0	0.0	2.0	2018-05-04 11:11:41.860635	\N
651	11	Coyote	4.0	5.0	0.0	1.0	2018-05-04 11:11:41.860635	\N
652	11	Cobra	4.0	5.0	-2.0	2.0	2018-05-04 11:11:41.860635	\N
653	11	XD	3.0	4.0	-1.0	1.0	2018-05-04 11:11:41.860635	\N
654	11	Stud	3.0	3.0	0.0	2.0	2018-05-04 11:11:41.860635	\N
655	11	Pig	3.0	1.0	0.0	3.0	2018-05-04 11:11:41.860635	\N
656	11	Mirage	3.0	4.0	-3.0	0.0	2018-05-04 11:11:41.860635	\N
657	11	Hydra	3.0	3.0	0.0	2.0	2018-05-04 11:11:41.860635	\N
658	11	Dart	3.0	4.0	0.0	0.0	2018-05-04 11:11:41.860635	\N
659	11	Colt	3.0	4.0	-1.0	1.0	2018-05-04 11:11:41.860635	\N
660	11	Aero	3.0	6.0	0.0	0.0	2018-05-04 11:11:41.860635	\N
661	11	Yeti Aviar	2.0	3.0	0.0	1.0	2018-05-04 11:11:41.860635	\N
662	11	Whale	2.0	3.0	0.0	1.0	2018-05-04 11:11:41.860635	\N
663	11	Rhyno	2.0	1.0	0.0	3.0	2018-05-04 11:11:41.860635	\N
664	11	Nova	2.0	3.0	0.0	0.0	2018-05-04 11:11:41.860635	\N
665	11	KC Aviar	2.0	3.0	0.0	2.0	2018-05-04 11:11:41.860635	\N
666	11	JK Aviar	2.0	3.0	0.0	2.0	2018-05-04 11:11:41.860635	\N
667	11	Classic Aviar	2.0	3.0	0.0	0.0	2018-05-04 11:11:41.860635	\N
668	11	Aviar Driver	2.0	3.0	0.0	2.0	2018-05-04 11:11:41.860635	\N
669	11	Aviar	2.0	3.0	0.0	1.0	2018-05-04 11:11:41.860635	\N
670	11	Sonic	1.0	2.0	-4.0	0.0	2018-05-04 11:11:41.860635	\N
671	11	Polecat	1.0	3.0	0.0	0.0	2018-05-04 11:11:41.860635	\N
672	11	Birdie	1.0	2.0	0.0	0.0	2018-05-04 11:11:41.860635	\N
673	6	P1	2.0	3.0	0.0	0.0	2018-05-04 11:11:41.860635	\N
674	6	Px1	2.0	3.0	0.0	0.0	2018-05-04 11:11:41.860635	\N
675	6	P2	2.0	3.0	0.0	1.0	2018-05-04 11:11:41.860635	\N
676	6	P3	3.0	2.0	0.0	3.0	2018-05-04 11:11:41.860635	\N
677	6	MD	4.0	5.0	0.0	0.0	2018-05-04 11:11:41.860635	\N
678	6	MD1	4.0	4.0	0.0	2.0	2018-05-04 11:11:41.860635	\N
679	6	MD2	4.0	5.0	0.0	2.0	2018-05-04 11:11:41.860635	\N
680	6	MD3	5.0	5.0	0.0	3.0	2018-05-04 11:11:41.860635	\N
681	6	GM	5.0	4.0	0.0	2.0	2018-05-04 11:11:41.860635	\N
682	6	FD2	7.0	4.0	0.0	2.0	2018-05-04 11:11:41.860635	\N
683	6	FD3	9.0	4.0	0.0	3.0	2018-05-04 11:11:41.860635	\N
684	6	CD2	9.0	5.0	-1.0	2.0	2018-05-04 11:11:41.860635	\N
685	6	CD	10.0	5.0	-1.0	2.0	2018-05-04 11:11:41.860635	\N
686	6	TD	10.0	5.0	-2.0	1.0	2018-05-04 11:11:41.860635	\N
687	6	TD2	10.0	5.0	-4.0	1.0	2018-05-04 11:11:41.860635	\N
688	6	PD	10.0	4.0	0.0	3.0	2018-05-04 11:11:41.860635	\N
689	6	DD	11.0	5.0	0.0	2.0	2018-05-04 11:11:41.860635	\N
690	6	PD2	12.0	4.0	0.0	4.0	2018-05-04 11:11:41.860635	\N
691	6	DDx	12.0	6.0	-1.0	2.0	2018-05-04 11:11:41.860635	\N
692	6	DD2	13.0	5.0	-2.0	2.0	2018-05-04 11:11:41.860635	\N
693	23	Swan 1 Reborn	3.0	3.0	-1.0	0.0	2018-05-04 11:11:41.860635	\N
694	23	Sling	5.0	5.0	0.0	1.0	2018-05-04 11:11:41.860635	\N
695	23	Longbowman	9.0	4.0	0.0	3.0	2018-05-04 11:11:41.860635	\N
696	23	Sampo	10.0	5.0	0.0	2.0	2018-05-04 11:11:41.860635	\N
697	23	Queen	14.0	5.0	-2.0	2.0	2018-05-04 11:11:41.860635	\N
698	23	Catapult	14.0	5.0	0.0	3.0	2018-05-04 11:11:41.860635	\N
699	23	Destiny	14.0	6.0	-2.0	3.0	2018-05-04 11:11:41.860635	\N
700	23	Underworld	7.0	6.0	-3.0	1.0	2018-05-04 11:11:41.860635	\N
701	23	Hatchet	9.0	6.0	-2.0	2.0	2018-05-04 11:11:41.860635	\N
702	23	Stag	8.0	6.0	0.0	3.0	2018-05-04 11:11:41.860635	\N
703	23	Northman	10.0	5.0	-1.0	2.0	2018-05-04 11:11:41.860635	\N
704	23	Boatman	11.0	5.0	0.0	2.0	2018-05-04 11:11:41.860635	\N
705	11	Vedge	4.0	3.0	-3.0	1.0	2018-05-04 11:11:41.860635	\N
706	23	Sword	12.0	5.0	0.0	2.0	2018-05-04 11:11:41.860635	\N
707	23	Giant	13.0	5.0	1.0	4.0	2018-05-04 11:11:41.860635	\N
708	23	Sorcerer	13.0	6.0	0.0	2.0	2018-05-04 11:11:41.860635	\N
709	23	Swan 2	3.0	3.0	-1.0	0.0	2018-05-04 11:11:41.860635	\N
710	23	Shield	3.0	3.0	0.0	1.0	2018-05-04 11:11:41.860635	\N
711	23	Warship	6.0	5.0	0.0	1.0	2018-05-04 11:11:41.860635	\N
712	23	Bard	5.0	4.0	0.0	3.0	2018-05-04 11:11:41.860635	\N
713	23	World	14.0	4.0	1.0	4.0	2018-05-04 11:11:41.860635	\N
714	23	King	14.0	5.0	-1.0	4.0	2018-05-04 11:11:41.860635	\N
715	23	Harp	4.0	3.0	0.0	3.0	2018-05-04 11:11:41.860635	\N
716	23	Tursas	5.0	5.0	-3.0	1.0	2018-05-04 11:11:41.860635	\N
717	23	Seer	7.0	5.0	-2.0	1.0	2018-05-04 11:11:41.860635	\N
718	14	Ballista	14.0	4.0	-1.0	4.0	2018-05-04 11:11:41.860635	\N
719	14	Bolt	13.0	6.0	-2.0	3.0	2018-05-04 11:11:41.860635	\N
720	14	Cutlass	13.0	5.0	0.0	3.0	2018-05-04 11:11:41.860635	\N
721	14	Flow	11.0	6.0	-1.0	2.0	2018-05-04 11:11:41.860635	\N
722	14	Gladiator	13.0	5.0	0.0	3.0	2018-05-04 11:11:41.860635	\N
723	14	Halo	13.0	5.0	-1.0	3.0	2018-05-04 11:11:41.860635	\N
724	14	Havoc	13.0	5.0	-1.0	3.0	2018-05-04 11:11:41.860635	\N
725	14	Knight	14.0	4.0	-1.0	4.0	2018-05-04 11:11:41.860635	\N
726	14	Missilen	15.0	3.0	1.0	5.0	2018-05-04 11:11:41.860635	\N
727	14	Raketen	15.0	3.0	-2.0	4.0	2018-05-04 11:11:41.860635	\N
728	14	Scythe	12.0	3.0	0.0	4.0	2018-05-04 11:11:41.860635	\N
729	14	Stiletto	13.0	2.0	1.0	6.0	2018-05-04 11:11:41.860635	\N
730	14	Blitz	11.0	3.0	0.0	4.0	2018-05-04 11:11:41.860635	\N
731	14	Villain	12.0	4.0	0.0	4.0	2018-05-04 11:11:41.860635	\N
732	14	Riot	11.0	4.0	-1.0	2.0	2018-05-04 11:11:41.860635	\N
733	14	Culverin	9.0	5.0	0.0	3.0	2018-05-04 11:11:41.860635	\N
734	14	Falchion	9.0	6.0	-1.0	2.0	2018-05-04 11:11:41.860635	\N
735	14	Fury	9.0	6.0	-2.0	2.0	2018-05-04 11:11:41.860635	\N
736	14	Maul	7.0	7.0	-2.0	1.0	2018-05-04 11:11:41.860635	\N
737	14	River	7.0	7.0	-1.0	1.0	2018-05-04 11:11:41.860635	\N
738	14	Saint	9.0	7.0	-1.0	2.0	2018-05-04 11:11:41.860635	\N
739	14	Saint Pro	8.0	6.0	0.0	3.0	2018-05-04 11:11:41.860635	\N
740	14	Spark	7.0	4.0	0.0	3.0	2018-05-04 11:11:41.860635	\N
741	14	Striker	9.0	5.0	0.0	2.0	2018-05-04 11:11:41.860635	\N
742	14	XXX	7.0	2.0	0.0	5.0	2018-05-04 11:11:41.860635	\N
743	14	Trident	5.0	2.0	0.0	5.0	2018-05-04 11:11:41.860635	\N
744	14	Vision	8.0	6.0	-1.0	2.0	2018-05-04 11:11:41.860635	\N
745	14	Anchor	5.0	4.0	0.0	3.0	2018-05-04 11:11:41.860635	\N
746	14	Claymore	5.0	5.0	-1.0	1.0	2018-05-04 11:11:41.860635	\N
747	14	Compass	5.0	5.0	0.0	1.0	2018-05-04 11:11:41.860635	\N
748	14	Core	5.0	5.0	-1.0	2.0	2018-05-04 11:11:41.860635	\N
749	14	Fuse	5.0	6.0	-2.0	1.0	2018-05-04 11:11:41.860635	\N
750	14	Mace	5.0	5.0	0.0	2.0	2018-05-04 11:11:41.860635	\N
751	14	Pain	4.0	4.0	0.0	3.0	2018-05-04 11:11:41.860635	\N
752	14	Caltrop	2.0	2.0	0.0	2.0	2018-05-04 11:11:41.860635	\N
753	14	Dagger	2.0	4.0	0.0	2.0	2018-05-04 11:11:41.860635	\N
754	14	Gauntlet	2.0	5.0	0.0	1.0	2018-05-04 11:11:41.860635	\N
755	14	Macana	2.0	5.0	0.0	1.0	2018-05-04 11:11:41.860635	\N
756	14	Mercy	2.0	5.0	0.0	1.0	2018-05-04 11:11:41.860635	\N
757	14	Pure	3.0	3.0	0.0	1.0	2018-05-04 11:11:41.860635	\N
758	14	Sinus	2.0	1.0	0.0	3.0	2018-05-04 11:11:41.860635	\N
759	14	Spike	4.0	2.0	-1.0	2.0	2018-05-04 11:11:41.860635	\N
760	14	Jade	9.0	6.0	-2.0	1.0	2018-05-04 11:11:41.860635	\N
761	14	Diamond	8.0	6.0	-3.0	1.0	2018-05-04 11:11:41.860635	\N
762	14	Pearl	4.0	6.0	-4.0	1.0	2018-05-04 11:11:41.860635	\N
763	14	Ruby	3.0	5.0	-3.0	1.0	2018-05-04 11:11:41.860635	\N
764	8	Freedom	14.0	5.0	-2.0	3.0	2018-05-04 11:11:41.860635	\N
765	8	Defender	13.0	5.0	0.0	3.0	2018-05-04 11:11:41.860635	\N
766	8	Sheriff	13.0	5.0	-1.0	2.0	2018-05-04 11:11:41.860635	\N
767	8	Enforcer	12.0	4.0	1.0	4.0	2018-05-04 11:11:41.860635	\N
768	8	Trespass	12.0	5.0	-1.0	3.0	2018-05-04 11:11:41.860635	\N
769	8	Renegade	11.0	5.0	-2.0	3.0	2018-05-04 11:11:41.860635	\N
770	8	Felon	9.0	3.0	1.0	4.0	2018-05-04 11:11:41.860635	\N
771	8	Convict	9.0	4.0	-1.0	3.0	2018-05-04 11:11:41.860635	\N
772	8	Escape	9.0	5.0	-1.0	2.0	2018-05-04 11:11:41.860635	\N
773	8	Thief	8.0	5.0	0.0	2.0	2018-05-04 11:11:41.860635	\N
774	8	Witness	8.0	6.0	-3.0	1.0	2018-05-04 11:11:41.860635	\N
775	8	Justice	5.0	1.0	1.0	4.0	2018-05-04 11:11:41.860635	\N
776	8	Verdict	5.0	4.0	0.0	4.0	2018-05-04 11:11:41.860635	\N
777	8	EMAC Truth	5.0	5.0	0.0	2.0	2018-05-04 11:11:41.860635	\N
778	8	Truth	5.0	5.0	-1.0	1.0	2018-05-04 11:11:41.860635	\N
779	8	Fugitive	5.0	5.0	-1.0	2.0	2018-05-04 11:11:41.860635	\N
780	8	Evidence	5.0	5.0	-1.0	0.0	2018-05-04 11:11:41.860635	\N
781	8	Warrant	5.0	5.0	-2.0	0.0	2018-05-04 11:11:41.860635	\N
782	8	Suspect	4.0	3.0	0.0	3.0	2018-05-04 11:11:41.860635	\N
783	8	Marshal	3.0	4.0	0.0	1.0	2018-05-04 11:11:41.860635	\N
784	8	Judge	2.0	4.0	0.0	1.0	2018-05-04 11:11:41.860635	\N
785	8	Warden	2.0	4.0	0.0	1.0	2018-05-04 11:11:41.860635	\N
786	8	Breakout	8.0	5.0	-1.0	2.0	2018-05-04 11:11:41.860635	\N
787	8	Proof	5.0	6.0	-3.0	1.0	2018-05-04 11:11:41.860635	\N
788	8	Gavel	3.0	5.0	-2.0	1.0	2018-05-04 11:11:41.860635	\N
789	17	Anode	3.0	4.0	0.0	0.0	2018-05-04 11:11:41.860635	\N
790	17	Amp	8.0	5.0	-2.0	1.0	2018-05-04 11:11:41.860635	\N
791	17	Atom	3.0	4.0	-1.0	0.0	2018-05-04 11:11:41.860635	\N
792	17	Axis	5.0	5.0	-1.0	1.0	2018-05-04 11:11:41.860635	\N
793	17	Impulse	11.0	5.0	-3.0	1.0	2018-05-04 11:11:41.860635	\N
794	17	Inertia	11.0	5.0	-2.0	2.0	2018-05-04 11:11:41.860635	\N
795	17	Ion	3.0	4.0	0.0	1.0	2018-05-04 11:11:41.860635	\N
796	17	Motion	11.0	4.0	0.0	4.0	2018-05-04 11:11:41.860635	\N
797	17	Phase	12.0	3.0	0.0	5.0	2018-05-04 11:11:41.860635	\N
798	17	Photon	12.0	5.0	-1.0	3.0	2018-05-04 11:11:41.860635	\N
800	17	Resistor	7.0	4.0	0.0	4.0	2018-05-04 11:11:41.860635	\N
801	17	Servo	6.0	5.0	-1.0	2.0	2018-05-04 11:11:41.860635	\N
802	17	Shock	8.0	5.0	0.0	3.0	2018-05-04 11:11:41.860635	\N
803	17	Switch	6.0	4.0	-2.0	1.0	2018-05-04 11:11:41.860635	\N
804	17	Tangent	5.0	5.0	-2.0	1.0	2018-05-04 11:11:41.860635	\N
805	17	Tensor	5.0	4.0	0.0	3.0	2018-05-04 11:11:41.860635	\N
806	17	Tesla	11.0	5.0	-1.0	2.0	2018-05-04 11:11:41.860635	\N
807	17	Vector	5.0	4.0	0.0	3.0	2018-05-04 11:11:41.860635	\N
808	17	Volt	8.0	5.0	-1.0	2.0	2018-05-04 11:11:41.860635	\N
809	17	Wave	12.0	5.0	-2.0	1.0	2018-05-04 11:11:41.860635	\N
810	4	Alias	5.0	5.0	0.0	1.0	2018-05-04 11:11:41.860635	\N
811	4	Clash	6.0	4.0	-1.0	3.0	2018-05-04 11:11:41.860635	\N
812	4	Crave	6.0	5.0	-1.0	2.0	2018-05-04 11:11:41.860635	\N
813	4	Envy	2.0	3.0	0.0	2.0	2018-05-04 11:11:41.860635	\N
814	4	Fireball	10.0	3.0	0.0	4.0	2018-05-04 11:11:41.860635	\N
815	4	Insanity	10.0	5.0	-3.0	1.0	2018-05-04 11:11:41.860635	\N
816	4	Inspire	7.0	5.0	-3.0	1.0	2018-05-04 11:11:41.860635	\N
817	4	Proxy	3.0	4.0	-1.0	0.0	2018-05-04 11:11:41.860635	\N
818	4	Theory	5.0	5.0	-3.0	1.0	2018-05-04 11:11:41.860635	\N
819	4	Virus	10.0	5.0	-4.0	1.0	2018-05-04 11:11:41.860635	\N
820	4	Wrath	10.0	5.0	-1.0	2.0	2018-05-04 11:11:41.860635	\N
821	7	APX	2.0	2.0	-1.0	1.0	2018-05-04 11:11:41.860635	\N
822	7	Avenger	10.0	5.0	0.0	3.0	2018-05-04 11:11:41.860635	\N
823	7	Avenger SS	10.0	5.0	-3.0	1.0	2018-05-04 11:11:41.860635	\N
824	7	Banger GT	2.0	3.0	0.0	1.0	2018-05-04 11:11:41.860635	\N
825	7	Breeze	4.0	4.0	-2.0	1.0	2018-05-04 11:11:41.860635	\N
826	7	Buzzz SS	5.0	4.0	-2.0	1.0	2018-05-04 11:11:41.860635	\N
827	7	Challenger	2.0	3.0	0.0	2.0	2018-05-04 11:11:41.860635	\N
828	7	Comet	4.0	4.0	-2.0	1.0	2018-05-04 11:11:41.860635	\N
829	7	Crank	13.0	5.0	-1.0	3.0	2018-05-04 11:11:41.860635	\N
830	7	Crush	11.0	5.0	0.0	4.0	2018-05-04 11:11:41.860635	\N
831	7	Cyclone	7.0	4.0	-1.0	3.0	2018-05-04 11:11:41.860635	\N
832	7	Drone	5.0	3.0	0.0	4.0	2018-05-04 11:11:41.860635	\N
833	7	Eclipse	7.0	4.0	-2.0	2.0	2018-05-04 11:11:41.860635	\N
834	7	Flash	10.0	5.0	-2.0	3.0	2018-05-04 11:11:41.860635	\N
835	7	Flick	9.0	4.0	1.0	4.0	2018-05-04 11:11:41.860635	\N
836	7	Focus	2.0	2.0	-1.0	2.0	2018-05-04 11:11:41.860635	\N
837	7	Force	12.0	5.0	0.0	4.0	2018-05-04 11:11:41.860635	\N
838	7	Glide	7.0	5.0	-3.0	1.0	2018-05-04 11:11:41.860635	\N
839	7	Hawk	4.0	3.0	-2.0	2.0	2018-05-04 11:11:41.860635	\N
840	7	Heat	9.0	5.0	-4.0	1.0	2018-05-04 11:11:41.860635	\N
841	7	Hornet	5.0	5.0	0.0	4.0	2018-05-04 11:11:41.860635	\N
842	7	Impact	6.0	5.0	-2.0	2.0	2018-05-04 11:11:41.860635	\N
843	7	Magnet	2.0	3.0	-1.0	2.0	2018-05-04 11:11:41.860635	\N
844	6	CD3	11.0	5.0	-1.0	2.0	2018-05-04 11:11:41.860635	\N
845	12	Berg	1.0	3.0	0.0	2.0	2018-05-04 11:11:41.860635	\N
846	6	PDx	11.0	4.0	0.0	3.0	2018-05-04 11:11:41.860635	\N
847	7	Tracker	8.0	5.0	-1.0	3.0	2018-05-04 11:11:41.860635	\N
848	19	Sparta	4.0	4.0	-1.0	1.0	2018-05-04 11:11:41.860635	\N
849	16	Orion LF	9.0	5.0	-1.0	2.0	2018-05-04 11:11:41.860635	\N
850	24	Wings	3.0	3.0	0.0	2.0	2018-05-04 11:11:41.860635	\N
851	9	Wizard	2.0	2.0	0.0	2.0	2018-05-04 11:11:41.860635	\N
853	14	Beetle	1.0	7.0	-1.0	0.0	2018-05-04 11:11:41.860635	\N
854	7	Zone	4.0	3.0	0.0	3.0	2018-05-04 11:11:41.860635	\N
855	7	Surge	10.0	5.0	-1.0	3.0	2018-05-04 11:11:41.860635	\N
856	19	LEGENDa	13.0	5.0	-1.0	3.0	2018-05-04 11:11:41.860635	\N
857	19	MIDARi	5.0	4.0	-1.0	2.0	2018-05-04 11:11:41.860635	\N
858	19	RESPECTi	8.0	4.0	0.0	2.0	2018-05-04 11:11:41.860635	\N
859	19	SLAIDi	12.0	4.0	0.0	3.0	2018-05-04 11:11:41.860635	\N
860	19	ROCKET	9.0	4.0	0.0	2.0	2018-05-04 11:11:41.860635	\N
861	19	TITAN	10.0	4.0	0.0	2.0	2018-05-04 11:11:41.860635	\N
862	7	Zombee	7.0	6.0	-1.0	2.0	2018-05-04 11:11:41.860635	\N
863	7	Undertaker	9.0	5.0	-1.0	2.0	2018-05-04 11:11:41.860635	\N
864	7	Predator	9.0	4.0	0.0	4.0	2018-05-04 11:11:41.860635	\N
865	20	Flatline	6.0	5.0	-1.0	1.0	2018-05-04 11:11:41.860635	\N
866	7	Stalker	8.0	5.0	-1.0	1.0	2018-05-04 11:11:41.860635	\N
867	7	Mantis	8.0	4.0	-1.0	2.0	2018-05-04 11:11:41.860635	\N
868	7	Nuke	13.0	4.0	-1.0	3.0	2018-05-04 11:11:41.860635	\N
869	7	Meteor	4.0	5.0	-3.0	1.0	2018-05-04 11:11:41.860635	\N
870	12	Reko	3.0	3.0	0.0	1.0	2018-05-04 11:11:41.860635	\N
871	12	Kaxe Z	6.0	5.0	0.0	2.0	2018-05-04 11:11:41.860635	\N
872	7	Buzzz GT	5.0	4.0	-1.0	1.0	2018-05-04 11:11:41.860635	\N
873	16	Scorpius	12.0	5.0	-1.0	3.0	2018-05-04 11:11:41.860635	\N
874	6	P1x	2.0	3.0	0.0	0.0	2018-05-04 11:11:41.860635	\N
875	14	Medius	6.0	6.0	0.0	2.0	2018-05-04 11:11:41.860635	\N
876	7	Reaper	8.0	4.0	0.0	4.0	2018-05-04 11:11:41.860635	\N
877	7	Storm	8.0	4.0	0.0	3.0	2018-05-04 11:11:41.860635	\N
878	7	XL	7.0	4.0	-1.0	3.0	2018-05-04 11:11:41.860635	\N
879	7	Xpress	8.0	5.0	-3.0	1.0	2018-05-04 11:11:41.860635	\N
880	7	XS	7.0	4.0	-2.0	3.0	2018-05-04 11:11:41.860635	\N
881	7	Puttr	2.0	2.0	-1.0	1.0	2018-05-04 11:11:41.860635	\N
882	7	Rattler	2.0	2.0	0.0	1.0	2018-05-04 11:11:41.860635	\N
883	7	Ringer	4.0	4.0	0.0	2.0	2018-05-04 11:11:41.860635	\N
884	7	Nebula	5.0	5.0	-1.0	3.0	2018-05-04 11:11:41.860635	\N
885	7	Stratus	5.0	4.0	-3.0	1.0	2018-05-04 11:11:41.860635	\N
886	7	Wasp	5.0	4.0	0.0	3.0	2018-05-04 11:11:41.860635	\N
887	7	Nuke OS	13.0	4.0	0.0	4.0	2018-05-04 11:11:41.860635	\N
888	7	Nuke SS	13.0	4.0	-3.0	3.0	2018-05-04 11:11:41.860635	\N
889	7	Pulse	11.0	5.0	0.0	3.0	2018-05-04 11:11:41.860635	\N
890	7	Spectra	10.0	5.0	-2.0	3.0	2018-05-04 11:11:41.860635	\N
891	7	Surge SS	10.0	5.0	-1.0	2.0	2018-05-04 11:11:41.860635	\N
892	7	Wildcat	10.0	4.0	-2.0	3.0	2018-05-04 11:11:41.860635	\N
893	3	ANY	0.0	0.0	0.0	0.0	2018-05-04 11:11:41.860635	\N
894	9	Apache	9.0	6.0	-1.0	2.0	2018-05-04 11:11:41.860635	\N
895	9	Assassin	9.0	6.0	-2.0	1.0	2018-05-04 11:11:41.860635	\N
896	9	Blaze	7.0	5.0	-1.0	3.0	2018-05-04 11:11:41.860635	\N
897	9	Blurr	10.0	5.0	-1.0	3.0	2018-05-04 11:11:41.860635	\N
898	9	Chief	3.0	2.0	0.0	1.0	2018-05-04 11:11:41.860635	\N
899	9	Chief OS	4.0	2.0	0.0	2.0	2018-05-04 11:11:41.860635	\N
900	9	Demon	4.0	4.0	0.0	3.0	2018-05-04 11:11:41.860635	\N
901	9	Devil Hawk	3.0	2.0	0.0	1.0	2018-05-04 11:11:41.860635	\N
902	9	Diablo DT	11.0	6.0	-1.0	4.0	2018-05-04 11:11:41.860635	\N
903	9	Element	5.0	5.0	-2.0	1.0	2018-05-04 11:11:41.860635	\N
904	9	Element-X	5.0	4.0	-2.0	3.0	2018-05-04 11:11:41.860635	\N
905	9	Hybrid	8.0	5.0	-1.0	3.0	2018-05-04 11:11:41.860635	\N
906	9	Illusion	10.0	5.0	-1.0	3.0	2018-05-04 11:11:41.860635	\N
907	9	Karma	6.0	5.0	-1.0	2.0	2018-05-04 11:11:41.860635	\N
908	9	Magic	2.0	3.0	-1.0	0.0	2018-05-04 11:11:41.860635	\N
909	9	Mystic	5.0	5.0	-2.0	2.0	2018-05-04 11:11:41.860635	\N
910	9	Rage	10.0	6.0	-1.0	3.0	2018-05-04 11:11:41.860635	\N
911	9	Sabre	7.0	5.0	-2.0	2.0	2018-05-04 11:11:41.860635	\N
912	9	Samurai	13.0	6.0	-2.0	2.0	2018-05-04 11:11:41.860635	\N
913	9	Savage	10.0	5.0	0.0	3.0	2018-05-04 11:11:41.860635	\N
914	9	Scout	8.0	6.0	0.0	1.0	2018-05-04 11:11:41.860635	\N
915	9	Shaman	3.0	3.0	-2.0	0.0	2018-05-04 11:11:41.860635	\N
916	9	Slayer	13.0	5.0	-2.0	2.0	2018-05-04 11:11:41.860635	\N
917	9	Speed Demon	9.0	4.0	0.0	4.0	2018-05-04 11:11:41.860635	\N
918	9	Spirit	10.0	6.0	1.0	4.0	2018-05-04 11:11:41.860635	\N
919	9	Voodoo	3.0	3.0	0.0	1.0	2018-05-04 11:11:41.860635	\N
920	9	War Spear	3.0	3.0	-2.0	0.0	2018-05-04 11:11:41.860635	\N
921	9	Warlock	2.0	3.0	0.0	1.0	2018-05-04 11:11:41.860635	\N
922	9	Warrior	4.0	4.0	-1.0	3.0	2018-05-04 11:11:41.860635	\N
923	10	MOAB	6.0	4.0	1.0	5.0	2018-05-04 11:11:41.860635	\N
924	10	Mortar	5.0	2.0	0.0	3.0	2018-05-04 11:11:41.860635	\N
925	10	Panzer Tank	2.0	1.0	0.0	3.0	2018-05-04 11:11:41.860635	\N
926	10	Tank	2.0	1.0	0.0	2.0	2018-05-04 11:11:41.860635	\N
927	10	Veteran	7.0	4.0	0.0	1.0	2018-05-04 11:11:41.860635	\N
928	12	Kaxe	6.0	5.0	0.0	3.0	2018-05-04 11:11:41.860635	\N
929	12	Rask	13.0	4.0	0.0	5.0	2018-05-04 11:11:41.860635	\N
930	15	Bandit	9.0	5.0	-2.0	1.0	2018-05-04 11:11:41.860635	\N
931	15	Cannon	14.0	5.0	-3.0	3.0	2018-05-04 11:11:41.860635	\N
932	15	Clozer	2.0	3.0	0.0	2.0	2018-05-04 11:11:41.860635	\N
933	15	Clutch	2.0	3.0	0.0	1.0	2018-05-04 11:11:41.860635	\N
934	15	Gauge	5.0	5.0	0.0	1.0	2018-05-04 11:11:41.860635	\N
935	15	Ghost	4.0	5.0	0.0	3.0	2018-05-04 11:11:41.860635	\N
936	15	Hunter	2.0	4.0	0.0	0.0	2018-05-04 11:11:41.860635	\N
937	15	Mongoose	9.0	5.0	-3.0	1.0	2018-05-04 11:11:41.860635	\N
938	15	Nemesis	10.0	6.0	-4.0	2.0	2018-05-04 11:11:41.860635	\N
939	15	Outlaw	12.0	5.0	-1.0	3.0	2018-05-04 11:11:41.860635	\N
940	15	Patriot	7.0	5.0	-2.0	1.0	2018-05-04 11:11:41.860635	\N
941	15	Prowler	2.0	3.0	0.0	2.0	2018-05-04 11:11:41.860635	\N
942	15	Rampage	14.0	5.0	-1.0	4.0	2018-05-04 11:11:41.860635	\N
943	16	Aries	13.0	6.0	-3.0	1.0	2018-05-04 11:11:41.860635	\N
944	16	Astra	11.0	5.0	-2.0	2.0	2018-05-04 11:11:41.860635	\N
945	16	Astra X	11.0	4.0	-3.0	1.0	2018-05-04 11:11:41.860635	\N
946	16	Aurora MF	4.0	5.0	0.0	2.0	2018-05-04 11:11:41.860635	\N
947	16	Aurora MS	4.0	5.0	0.0	0.0	2018-05-04 11:11:41.860635	\N
948	16	EXP 1	7.0	3.0	1.0	4.0	2018-05-04 11:11:41.860635	\N
949	16	Omega	2.0	3.0	0.0	0.0	2018-05-04 11:11:41.860635	\N
950	16	Omega Big Bead	2.0	3.0	0.0	2.0	2018-05-04 11:11:41.860635	\N
951	16	Orion LS	9.0	4.0	-1.0	2.0	2018-05-04 11:11:41.860635	\N
952	16	Polaris LS	8.0	4.0	-1.0	1.0	2018-05-04 11:11:41.860635	\N
953	16	Quasar	13.0	5.0	-1.0	4.0	2018-05-04 11:11:41.860635	\N
954	16	Sentinel MF	5.0	4.0	0.0	4.0	2018-05-04 11:11:41.860635	\N
955	19	RAZERi	12.0	5.0	0.0	3.0	2018-05-04 11:11:41.860635	\N
956	19	STARi	5.0	4.0	-2.0	0.0	2018-05-04 11:11:41.860635	\N
957	18	D1	13.0	6.0	-1.0	3.0	2018-05-04 11:11:41.860635	\N
958	18	D2	13.0	6.0	-1.0	3.0	2018-05-04 11:11:41.860635	\N
959	18	D3	13.0	5.0	-2.0	2.0	2018-05-04 11:11:41.860635	\N
960	18	D4	13.0	6.0	-3.0	2.0	2018-05-04 11:11:41.860635	\N
961	18	D5	13.0	5.0	-4.0	2.0	2018-05-04 11:11:41.860635	\N
962	18	F1	7.0	4.0	0.0	4.0	2018-05-04 11:11:41.860635	\N
963	18	F2	7.0	4.0	-1.0	3.0	2018-05-04 11:11:41.860635	\N
964	18	F3	7.0	5.0	-2.0	2.0	2018-05-04 11:11:41.860635	\N
965	18	F5	8.0	5.0	-1.0	2.0	2018-05-04 11:11:41.860635	\N
966	18	F7	7.0	5.0	-3.0	1.0	2018-05-04 11:11:41.860635	\N
967	18	H1	10.0	4.0	1.0	1.0	2018-05-04 11:11:41.860635	\N
968	18	H2	10.0	5.0	0.0	3.0	2018-05-04 11:11:41.860635	\N
969	18	H3	10.0	5.0	-1.0	3.0	2018-05-04 11:11:41.860635	\N
970	18	H4	10.0	6.0	-1.0	3.0	2018-05-04 11:11:41.860635	\N
971	18	M1	5.0	4.0	0.0	4.0	2018-05-04 11:11:41.860635	\N
972	18	M2	5.0	4.0	0.0	2.0	2018-05-04 11:11:41.860635	\N
973	18	M3	5.0	4.0	-1.0	2.0	2018-05-04 11:11:41.860635	\N
974	18	M4	5.0	5.0	-1.0	1.0	2018-05-04 11:11:41.860635	\N
975	18	M5	5.0	5.0	-3.0	1.0	2018-05-04 11:11:41.860635	\N
976	18	Pa4	2.0	3.0	-1.0	1.0	2018-05-04 11:11:41.860635	\N
977	18	X1	13.0	3.0	0.0	5.0	2018-05-04 11:11:41.860635	\N
978	20	Antidote	5.0	6.0	-2.0	1.0	2018-05-04 11:11:41.860635	\N
979	20	Backdraft	12.0	5.0	-2.0	2.0	2018-05-04 11:11:41.860635	\N
980	20	Cam Todd Touch	2.0	3.0	0.0	1.0	2018-05-04 11:11:41.860635	\N
981	20	Cell	5.0	5.0	0.0	2.0	2018-05-04 11:11:41.860635	\N
982	20	Fracture	10.0	5.0	-3.0	1.0	2018-05-04 11:11:41.860635	\N
983	20	Lock Jaw	1.0	4.0	0.0	0.0	2018-05-04 11:11:41.860635	\N
984	20	Napalm	11.0	5.0	-2.0	2.0	2018-05-04 11:11:41.860635	\N
985	20	Prometheus	13.0	5.0	-1.0	1.0	2018-05-04 11:11:41.860635	\N
986	20	Reign	13.0	5.0	0.0	2.0	2018-05-04 11:11:41.860635	\N
987	20	Suture	9.0	5.0	-2.0	0.0	2018-05-04 11:11:41.860635	\N
988	20	Vaccine	3.0	3.0	0.0	2.0	2018-05-04 11:11:41.860635	\N
989	20	Vein	8.0	4.0	0.0	2.0	2018-05-04 11:11:41.860635	\N
990	24	Claws	1.0	3.0	0.0	1.0	2018-05-04 11:11:41.860635	\N
991	24	Gui	2.0	3.0	0.0	3.0	2018-05-04 11:11:41.860635	\N
992	24	View	7.0	6.0	-1.0	1.0	2018-05-04 11:11:41.860635	\N
993	24	Yao	4.0	4.0	0.0	2.0	2018-05-04 11:11:41.860635	\N
994	1	Bee Line	13.0	6.0	-2.0	2.0	2018-05-04 11:11:41.860635	\N
995	1	Flying Squirrel	4.0	5.0	-4.0	1.0	2018-05-04 11:11:41.860635	\N
996	1	Gamma Ray	9.0	4.0	-2.0	2.0	2018-05-04 11:11:41.860635	\N
997	1	Mission	4.0	4.0	-1.0	2.0	2018-05-04 11:11:41.860635	\N
998	1	Money	2.0	3.0	0.0	2.0	2018-05-04 11:11:41.860635	\N
999	1	Secret Weapon	9.0	4.0	-3.0	2.0	2018-05-04 11:11:41.860635	\N
1000	2	Arrow	3.0	2.0	0.0	2.0	2018-05-04 11:11:41.860635	\N
1001	2	Epic	10.0	3.0	-2.0	4.0	2018-05-04 11:11:41.860635	\N
1002	2	Sharpshooter #1	7.0	3.0	0.0	3.0	2018-05-04 11:11:41.860635	\N
1003	2	Sharpshooter #2	4.0	3.0	0.0	3.0	2018-05-04 11:11:41.860635	\N
1004	2	Sharpshooter #3	2.0	3.0	0.0	3.0	2018-05-04 11:11:41.860635	\N
1005	5	Aftershock	4.0	3.0	-1.0	1.0	2018-05-04 11:11:41.860635	\N
1006	5	BlowFly	2.0	2.0	-1.0	2.0	2018-05-04 11:11:41.860635	\N
1007	5	BlowFly II	2.0	2.0	-2.0	1.0	2018-05-04 11:11:41.860635	\N
1008	5	Breaker	3.0	3.0	0.0	3.0	2018-05-04 11:11:41.860635	\N
1009	5	Flathead Cyclone	7.0	4.0	-1.0	3.0	2018-05-04 11:11:41.860635	\N
1010	5	Hellfire	10.0	1.0	0.0	5.0	2018-05-04 11:11:41.860635	\N
1011	5	Hurricane	12.0	5.0	-1.0	2.0	2018-05-04 11:11:41.860635	\N
1012	5	Reef	2.0	2.0	-1.0	1.0	2018-05-04 11:11:41.860635	\N
1013	5	Riptide	9.0	4.0	0.0	3.0	2018-05-04 11:11:41.860635	\N
1014	5	Rogue	10.0	5.0	-1.0	3.0	2018-05-04 11:11:41.860635	\N
1015	5	Shockwave	4.0	2.0	0.0	3.0	2018-05-04 11:11:41.860635	\N
1016	5	Squall	4.0	4.0	-1.0	2.0	2018-05-04 11:11:41.860635	\N
1017	5	Steady	2.0	3.0	0.0	5.0	2018-05-04 11:11:41.860635	\N
1018	5	Titanic	2.0	3.0	-1.0	3.0	2018-05-04 11:11:41.860635	\N
1019	5	Torrent	14.0	5.0	-2.0	3.0	2018-05-04 11:11:41.860635	\N
1020	5	Tsunami	10.0	4.0	0.0	4.0	2018-05-04 11:11:41.860635	\N
1021	5	Undertow	9.0	5.0	-2.0	2.0	2018-05-04 11:11:41.860635	\N
1022	13	Ka-Kaa	12.0	5.0	-2.0	2.0	2018-05-04 11:11:41.860635	\N
1023	13	Wo-hoo	6.0	5.0	0.0	2.0	2018-05-04 11:11:41.860635	\N
1024	21	Ascent	8.0	5.0	0.0	3.0	2018-05-04 11:11:41.860635	\N
1025	21	Four20	13.0	4.0	0.0	4.0	2018-05-04 11:11:41.860635	\N
1026	21	Ibex	5.0	4.0	-2.0	2.0	2018-05-04 11:11:41.860635	\N
1027	21	Lace	13.0	6.0	-1.0	3.0	2018-05-04 11:11:41.860635	\N
1028	21	Obex	5.0	5.0	0.0	3.0	2018-05-04 11:11:41.860635	\N
1029	21	O-Lace	14.0	5.0	0.0	4.0	2018-05-04 11:11:41.860635	\N
1030	21	Ridge	2.0	4.0	0.0	1.0	2018-05-04 11:11:41.860635	\N
1031	21	Sole	2.0	3.0	0.0	2.0	2018-05-04 11:11:41.860635	\N
1032	21	Summit	3.0	3.0	-1.0	0.0	2018-05-04 11:11:41.860635	\N
1033	21	Trak	7.0	5.0	-1.0	1.0	2018-05-04 11:11:41.860635	\N
1034	21	unLace	13.0	6.0	-3.0	1.0	2018-05-04 11:11:41.860635	\N
1035	21	Valley	7.0	5.0	-1.0	1.0	2018-05-04 11:11:41.860635	\N
1036	21	VP	2.0	3.0	0.0	3.0	2018-05-04 11:11:41.860635	\N
1037	22	Knive	2.0	3.0	0.0	2.0	2018-05-04 11:11:41.860635	\N
1038	22	Cosmos	7.0	5.0	0.0	1.0	2018-05-04 11:11:41.860635	\N
1039	22	Axe	4.0	3.0	0.0	1.0	2018-05-04 11:11:41.860635	\N
1040	22	Berserger	10.0	5.0	-3.0	2.0	2018-05-04 11:11:41.860635	\N
1041	22	Nordic Warrior	4.0	4.0	0.0	2.0	2018-05-04 11:11:41.860635	\N
1042	22	Ragnarok	11.0	5.0	-1.0	2.0	2018-05-04 11:11:41.860635	\N
1043	22	Rune	2.0	4.0	0.0	0.0	2018-05-04 11:11:41.860635	\N
1044	22	Thunder God Thor	14.0	5.0	0.0	2.0	2018-05-04 11:11:41.860635	\N
1045	23	Crown	3.0	4.0	0.0	1.0	2018-05-04 11:11:41.860635	\N
1046	8	Slammer	3.0	2.0	0.0	3.0	2018-05-04 11:11:41.860635	\N
1047	6	MD4	5.0	4.0	0.0	3.0	2018-05-04 11:11:41.860635	\N
1048	6	TDx	9.0	5.0	-3.0	1.0	2018-05-04 11:11:41.860635	\N
1049	6	P3x	3.0	2.0	0.0	3.0	2018-05-04 11:11:41.860635	\N
1050	11	Aviar3	3.0	2.0	0.0	2.0	2018-05-04 11:11:41.860635	\N
1051	11	AviarX3	3.0	2.0	0.0	3.0	2018-05-04 11:11:41.860635	\N
1052	14	Zion	9.0	3.0	0.0	4.0	2018-05-04 11:11:41.860635	\N
1053	14	Explorer	7.0	5.0	0.0	2.0	2018-05-04 11:11:41.860635	\N
1054	14	Ballista Pro	14.0	4.0	0.0	3.0	2018-05-04 11:11:41.860635	\N
1055	18	H3 V2	11.0	5.0	-1.0	3.0	2018-05-04 11:11:41.860635	\N
1056	23	Ahti	9.0	3.0	0.0	4.0	2018-05-04 11:11:41.860635	\N
1057	8	Criminal	10.0	3.0	1.0	4.0	2018-05-04 11:11:41.860635	\N
1059	11	Condor	3.0	4.0	0.0	2.0	2018-05-04 11:11:41.860635	\N
1060	23	Pine	5.0	4.0	0.0	2.0	2018-05-04 11:11:41.860635	\N
1061	8	Deputy	3.0	4.0	1.0	0.0	2018-05-04 11:11:41.860635	\N
1062	23	Fortress	10.0	4.0	0.0	3.0	2018-05-04 11:11:41.860635	\N
1063	12	Grym X	12.0	5.0	0.0	3.0	2018-05-04 11:11:41.860635	\N
1064	12	Falk	9.0	6.0	-2.0	2.0	2018-05-04 11:11:41.860635	\N
1065	12	Stål	9.0	4.0	0.0	3.0	2018-05-04 11:11:41.860635	\N
1066	14	River Pro	6.0	5.0	0.0	2.0	2018-05-04 11:11:41.860635	\N
1067	11	RocX3	5.0	4.0	0.0	3.5	2018-05-04 11:11:41.860635	\N
1100	14	Gob	5.0	5.0	-0.5	1.0	2018-05-04 11:11:41.860635	\N
1101	11	Rat	4.0	2.0	0.0	3.0	2018-05-14 10:08:47.594	2018-05-14 10:08:47.594
1102	8	Getaway	9.0	5.0	-0.5	3.0	2018-07-24 19:01:53.547	2018-07-24 19:01:53.547
1103	22	Barbarian	7.0	5.0	0.0	2.0	2018-10-06 13:59:16.405	2018-10-06 13:59:16.405
1104	24	Twin Swords	12.0	5.0	0.0	2.0	2018-10-06 14:56:56.755	2018-10-06 14:56:56.755
1105	7	Luna	3.0	3.0	0.0	3.0	2019-06-11 13:19:50.461	2019-06-11 13:19:50.461
1106	6	Guardian Lion	3.0	3.0	0.0	1.0	2019-07-23 11:08:12.597	2019-07-23 11:08:12.597
1107	6	Tiger Warrior	3.0	3.0	0.0	1.0	2019-07-23 11:08:31.743	2019-07-23 11:08:31.743
1108	6	DD3	12.0	5.0	-1.0	3.0	2019-07-23 11:09:47.023	2019-07-23 11:09:47.023
\.


--
-- Data for Name: r_muovi; Type: TABLE DATA; Schema: public; Owner: hamsteri
--

COPY public.r_muovi (id, muovi, valmistaja_id, created_at, updated_at) FROM stdin;
1	 Eclipse Proton	17	2018-05-04 11:11:41.860635	\N
2	$$$	9	2018-05-04 11:11:41.860635	\N
3	200	18	2018-05-04 11:11:41.860635	\N
4	300	18	2018-05-04 11:11:41.860635	\N
5	350 Light	18	2018-05-04 11:11:41.860635	\N
6	350G	18	2018-05-04 11:11:41.860635	\N
7	400	18	2018-05-04 11:11:41.860635	\N
8	400G	18	2018-05-04 11:11:41.860635	\N
9	400G Light	18	2018-05-04 11:11:41.860635	\N
10	450	18	2018-05-04 11:11:41.860635	\N
11	750	18	2018-05-04 11:11:41.860635	\N
12	Air	18	2018-05-04 11:11:41.860635	\N
13	ANY	3	2018-05-04 11:11:41.860635	\N
14	Base	10	2018-05-04 11:11:41.860635	\N
15	Base Soft	10	2018-05-04 11:11:41.860635	\N
16	Basic	19	2018-05-04 11:11:41.860635	\N
17	BioFuzion	8	2018-05-04 11:11:41.860635	\N
18	Blizzard Champion	11	2018-05-04 11:11:41.860635	\N
19	Bronze	1	2018-05-04 11:11:41.860635	\N
20	BT Hard	23	2018-05-04 11:11:41.860635	\N
21	BT Medium	23	2018-05-04 11:11:41.860635	\N
22	BT Megasoft	23	2018-05-04 11:11:41.860635	\N
23	BT Soft	23	2018-05-04 11:11:41.860635	\N
24	C-Line	6	2018-05-04 11:11:41.860635	\N
25	Champion	11	2018-05-04 11:11:41.860635	\N
26	Classic	8	2018-05-04 11:11:41.860635	\N
27	Classic Blend	8	2018-05-04 11:11:41.860635	\N
28	Classic Soft	8	2018-05-04 11:11:41.860635	\N
29	Classic Super Soft	8	2018-05-04 11:11:41.860635	\N
30	Crazy Tuff	7	2018-05-04 11:11:41.860635	\N
31	Cryztal FLX	7	2018-05-04 11:11:41.860635	\N
32	D-Line	6	2018-05-04 11:11:41.860635	\N
33	Dragon	24	2018-05-04 11:11:41.860635	\N
34	DT	16	2018-05-04 11:11:41.860635	\N
35	DX	11	2018-05-04 11:11:41.860635	\N
36	Echo Star	11	2018-05-04 11:11:41.860635	\N
37	ED	9	2018-05-04 11:11:41.860635	\N
38	Elasto	23	2018-05-04 11:11:41.860635	\N
39	Electron	17	2018-05-04 11:11:41.860635	\N
40	Elite X	7	2018-05-04 11:11:41.860635	\N
41	Elite Z	7	2018-05-04 11:11:41.860635	\N
42	Elite Z Lite	7	2018-05-04 11:11:41.860635	\N
43	EP	9	2018-05-04 11:11:41.860635	\N
44	ER	9	2018-05-04 11:11:41.860635	\N
45	ESP	7	2018-05-04 11:11:41.860635	\N
46	ET	16	2018-05-04 11:11:41.860635	\N
47	EVO	9	2018-05-04 11:11:41.860635	\N
48	Excel	15	2018-05-04 11:11:41.860635	\N
49	Fission	17	2018-05-04 11:11:41.860635	\N
50	Fluid	8	2018-05-04 11:11:41.860635	\N
51	Frontline	10	2018-05-04 11:11:41.860635	\N
52	Frontline-X	10	2018-05-04 11:11:41.860635	\N
53	Frost	14	2018-05-04 11:11:41.860635	\N
54	Fuzion	8	2018-05-04 11:11:41.860635	\N
55	G-Line	6	2018-05-04 11:11:41.860635	\N
56	Glo (Z)	7	2018-05-04 11:11:41.860635	\N
57	GLOW	9	2018-05-04 11:11:41.860635	\N
58	Gold	14	2018-05-04 11:11:41.860635	\N
59	Gold	1	2018-05-04 11:11:41.860635	\N
60	Gravity	15	2018-05-04 11:11:41.860635	\N
61	Ground	22	2018-05-04 11:11:41.860635	\N
62	GStar	11	2018-05-04 11:11:41.860635	\N
63	HD	9	2018-05-04 11:11:41.860635	\N
64	Icon	15	2018-05-04 11:11:41.860635	\N
65	Jawbreaker	7	2018-05-04 11:11:41.860635	\N
66	JK Pro	11	2018-05-04 11:11:41.860635	\N
67	K1	12	2018-05-04 11:11:41.860635	\N
68	K2	12	2018-05-04 11:11:41.860635	\N
69	K3	12	2018-05-04 11:11:41.860635	\N
70	KC Pro	11	2018-05-04 11:11:41.860635	\N
71	Liquid	20	2018-05-04 11:11:41.860635	\N
72	Liquid Metal	20	2018-05-04 11:11:41.860635	\N
73	Lucid	8	2018-05-04 11:11:41.860635	\N
74	Lucid Air	8	2018-05-04 11:11:41.860635	\N
75	Lunar	16	2018-05-04 11:11:41.860635	\N
76	McPro	11	2018-05-04 11:11:41.860635	\N
77	Metal Flake	11	2018-05-04 11:11:41.860635	\N
78	Moonshine	14	2018-05-04 11:11:41.860635	\N
79	Moonshine (Frost)	14	2018-05-04 11:11:41.860635	\N
80	Moonshine (Opto)	14	2018-05-04 11:11:41.860635	\N
81	Neutron	17	2018-05-04 11:11:41.860635	\N
82	Opto	14	2018-05-04 11:11:41.860635	\N
83	Opto Air	14	2018-05-04 11:11:41.860635	\N
84	ORG	9	2018-05-04 11:11:41.860635	\N
85	P-Line	6	2018-05-04 11:11:41.860635	\N
86	Phoenix	24	2018-05-04 11:11:41.860635	\N
87	Pinnacle	15	2018-05-04 11:11:41.860635	\N
88	Plasma	17	2018-05-04 11:11:41.860635	\N
89	Platinum	1	2018-05-04 11:11:41.860635	\N
90	Premium	19	2018-05-04 11:11:41.860635	\N
91	Prime	8	2018-05-04 11:11:41.860635	\N
92	Pro	11	2018-05-04 11:11:41.860635	\N
93	Pro D	7	2018-05-04 11:11:41.860635	\N
94	Protege	15	2018-05-04 11:11:41.860635	\N
95	Proton	17	2018-05-04 11:11:41.860635	\N
96	Quantum	16	2018-05-04 11:11:41.860635	\N
97	Quantum Zero-G	16	2018-05-04 11:11:41.860635	\N
98	R-Pro	11	2018-05-04 11:11:41.860635	\N
99	Recon	10	2018-05-04 11:11:41.860635	\N
100	Reprocessed	14	2018-05-04 11:11:41.860635	\N
101	Retro	14	2018-05-04 11:11:41.860635	\N
102	S	9	2018-05-04 11:11:41.860635	\N
103	S-Line	6	2018-05-04 11:11:41.860635	\N
104	SGS	9	2018-05-04 11:11:41.860635	\N
105	Sirius	16	2018-05-04 11:11:41.860635	\N
106	Snow	14	2018-05-04 11:11:41.860635	\N
107	Spill	14	2018-05-04 11:11:41.860635	\N
108	Standard	16	2018-05-04 11:11:41.860635	\N
109	Star	11	2018-05-04 11:11:41.860635	\N
110	Starlite	11	2018-05-04 11:11:41.860635	\N
111	Storm	22	2018-05-04 11:11:41.860635	\N
112	Supersoft	16	2018-05-04 11:11:41.860635	\N
113	Ti	7	2018-05-04 11:11:41.860635	\N
114	Tiger	24	2018-05-04 11:11:41.860635	\N
115	Tournament	23	2018-05-04 11:11:41.860635	\N
116	Ultrium	19	2018-05-04 11:11:41.860635	\N
117	VIP	23	2018-05-04 11:11:41.860635	\N
118	VIP Air	23	2018-05-04 11:11:41.860635	\N
119	XT	11	2018-05-04 11:11:41.860635	\N
120	Z FLX	7	2018-05-04 11:11:41.860635	\N
121	Zero Hård	14	2018-05-04 11:11:41.860635	\N
122	Zero Medium	14	2018-05-04 11:11:41.860635	\N
123	Zero Megasoft	14	2018-05-04 11:11:41.860635	\N
124	Zero Soft	14	2018-05-04 11:11:41.860635	\N
125	Standard	2	2018-05-04 11:11:41.860635	\N
126	SP-Line	5	2018-05-04 11:11:41.860635	\N
127	Flex	5	2018-05-04 11:11:41.860635	\N
128	Signature Line	5	2018-05-04 11:11:41.860635	\N
129	D-Line	5	2018-05-04 11:11:41.860635	\N
130	RDGA-Line	5	2018-05-04 11:11:41.860635	\N
131	Neutron	4	2018-05-04 11:11:41.860635	\N
132	Proton	4	2018-05-04 11:11:41.860635	\N
133	Standard	13	2018-05-04 11:11:41.860635	\N
137	X-Link	21	2018-05-04 11:11:41.860635	\N
138	X-Link Firm	21	2018-05-04 11:11:41.860635	\N
139	X-Link Soft	21	2018-05-04 11:11:41.860635	\N
140	Granite X-Link	21	2018-05-04 11:11:41.860635	\N
141	Glow DX	11	2018-05-04 11:11:41.860635	\N
142	Glow Champion	11	2018-05-04 11:11:41.860635	\N
143	X-Line	6	2018-05-04 11:11:41.860635	\N
144	SG-Line	6	2018-05-04 11:11:41.860635	\N
145	Glo FLX	7	2018-05-04 11:11:41.860635	\N
146	Cryztal Z	7	2018-05-04 11:11:41.860635	\N
147	Opto-G	14	2018-05-04 11:11:41.860635	\N
148	Electron	4	2018-05-04 11:11:41.860635	\N
149	Neutron soft	4	2018-05-04 11:11:41.860635	\N
150	Electron soft	4	2018-05-04 11:11:41.860635	\N
151	Fluid Moonshine	8	2018-05-04 11:11:41.860635	\N
152	Moonshine	8	2018-05-04 11:11:41.860635	\N
153	Color Glow Champion	11	2018-05-04 11:11:41.860635	\N
154	Luster	6	2018-05-04 11:11:41.860635	\N
155	Yeti Pro	11	2018-05-04 11:11:41.860635	\N
156	Glow C-Line	6	2018-05-04 11:11:41.860635	\N
189	Metalflake C-Line	6	2018-05-04 11:11:41.860635	\N
190	Moonshine	23	2018-05-04 11:11:41.860635	\N
191	Vip-X	23	2018-07-06 20:16:22.094	2018-07-06 20:16:22.094
192	Fuzion Burst	8	2018-07-24 19:05:10.613	2018-07-24 19:05:10.613
193	Origio	23	2018-09-07 17:17:13.463	2018-09-07 17:17:13.463
194	Tortoise	24	2018-10-06 14:57:32.156	2018-10-06 14:57:32.156
195	Jawbreaker/Rubber	7	2019-06-11 13:20:58.715	2019-06-11 13:20:58.715
196	Active	6	2019-07-23 11:06:59.023	2019-07-23 11:06:59.023
197	X Line Soft	7	2020-08-15 19:58:29.797	2020-08-15 19:58:29.797
\.


--
-- Data for Name: r_valm; Type: TABLE DATA; Schema: public; Owner: hamsteri
--

COPY public.r_valm (id, valmistaja, created_at, updated_at) FROM stdin;
1	ABC Discs	2018-05-04 11:11:41.860635	\N
2	Aerobie	2018-05-04 11:11:41.860635	\N
3	ANY	2018-05-04 11:11:41.860635	\N
4	Axiom Discs	2018-05-04 11:11:41.860635	\N
5	DGA	2018-05-04 11:11:41.860635	\N
6	Discmania	2018-05-04 11:11:41.860635	\N
7	Discraft	2018-05-04 11:11:41.860635	\N
8	Dynamic Discs	2018-05-04 11:11:41.860635	\N
9	Gateway	2018-05-04 11:11:41.860635	\N
10	Hyzer Bomb	2018-05-04 11:11:41.860635	\N
11	Innova	2018-05-04 11:11:41.860635	\N
12	Kastaplast	2018-05-04 11:11:41.860635	\N
13	Las Aves	2018-05-04 11:11:41.860635	\N
14	Latitude 64	2018-05-04 11:11:41.860635	\N
15	Legacy	2018-05-04 11:11:41.860635	\N
16	Millennium	2018-05-04 11:11:41.860635	\N
17	MVP	2018-05-04 11:11:41.860635	\N
18	Prodigy	2018-05-04 11:11:41.860635	\N
19	Prodiscus	2018-05-04 11:11:41.860635	\N
20	Salient Discs	2018-05-04 11:11:41.860635	\N
21	Vibram	2018-05-04 11:11:41.860635	\N
22	Viking Discs	2018-05-04 11:11:41.860635	\N
23	Westside Discs	2018-05-04 11:11:41.860635	\N
24	Yikun Sports	2018-05-04 11:11:41.860635	\N
\.


--
-- Data for Name: r_vari; Type: TABLE DATA; Schema: public; Owner: hamsteri
--

COPY public.r_vari (id, vari, created_at, updated_at) FROM stdin;
1	ANY	2018-05-04 11:11:41.860635	\N
2	Harmaa	2018-05-04 11:11:41.860635	\N
3	Keltainen	2018-05-04 11:11:41.860635	\N
4	Lila	2018-05-04 11:11:41.860635	\N
5	Lime	2018-05-04 11:11:41.860635	\N
6	Monivärinen	2018-05-04 11:11:41.860635	\N
7	Musta	2018-05-04 11:11:41.860635	\N
8	Oranssi	2018-05-04 11:11:41.860635	\N
9	Pinkki	2018-05-04 11:11:41.860635	\N
10	Punainen	2018-05-04 11:11:41.860635	\N
11	Ruskea	2018-05-04 11:11:41.860635	\N
12	Sininen	2018-05-04 11:11:41.860635	\N
13	Turkoosi	2018-05-04 11:11:41.860635	\N
14	Valkoinen	2018-05-04 11:11:41.860635	\N
15	Vihreä	2018-05-04 11:11:41.860635	\N
\.


--
-- Data for Name: roles; Type: TABLE DATA; Schema: public; Owner: hamsteri
--

COPY public.roles (id, name, group_id) FROM stdin;
1	ADMIN	\N
\.


--
-- Data for Name: stats; Type: TABLE DATA; Schema: public; Owner: hamsteri
--

COPY public.stats (id, year, month, new_discs, new_users, new_manufacturers, new_plastics, new_molds, sales_completed, created_at, updated_at) FROM stdin;
2	2018	5	875	25	24	155	499	6	2018-05-07 14:13:30.282	2018-05-30 05:00:00.42
3	2018	6	13	0	0	0	0	0	2018-06-02 05:00:04.769	2018-06-19 05:00:00.836
4	2018	7	23	0	0	2	1	0	2018-07-02 05:00:00.59	2018-07-25 05:00:00.229
5	2018	8	1	0	0	0	0	0	2018-08-02 05:00:00.575	2018-08-12 05:00:00.454
6	2018	9	5	0	0	1	0	0	2018-09-02 05:00:00.851	2018-09-28 05:00:00.899
7	2018	10	4	9	0	1	2	0	2018-10-02 05:00:00.343	2018-10-19 05:00:00.123
8	2018	11	0	2	0	0	0	0	2018-11-02 05:00:01.323	2018-11-27 05:00:09.571
9	2018	12	0	0	0	0	0	0	2018-12-02 05:00:00.597	2018-12-02 05:00:00.597
10	2019	1	2	0	0	0	0	0	2019-01-02 05:00:00.684	2019-01-20 05:00:00.077
11	2019	2	0	0	0	0	0	0	2019-02-02 05:00:00.371	2019-02-02 05:00:00.371
12	2019	3	0	0	0	0	0	0	2019-03-02 05:00:00.414	2019-03-02 05:00:00.414
13	2019	4	0	0	0	0	0	0	2019-04-02 05:00:00.219	2019-04-02 05:00:00.219
14	2019	5	24	0	0	0	0	0	2019-05-02 05:00:00.12	2019-05-31 05:00:00.244
15	2019	6	0	3	0	1	1	0	2019-06-02 05:00:00.349	2019-06-12 05:00:00.093
16	2019	7	11	0	0	1	3	0	2019-07-02 05:00:00.749	2019-07-27 05:00:00.07
17	2019	8	1	1	0	0	0	0	2019-08-02 05:00:00.315	2019-08-22 05:00:00.401
18	2019	9	0	0	0	0	0	0	2019-09-02 05:00:00.25	2019-09-02 05:00:00.25
19	2019	10	0	1	0	0	0	0	2019-10-02 05:00:00.313	2019-10-20 05:00:00.174
20	2019	11	2	0	0	0	0	0	2019-11-02 05:00:00.192	2019-11-09 05:00:00.166
21	2019	12	0	0	0	0	0	0	2019-12-02 05:00:00.166	2019-12-02 05:00:00.166
22	2020	1	0	0	0	0	0	0	2020-01-02 05:00:00.839	2020-01-02 05:00:00.839
23	2020	2	0	0	0	0	0	0	2020-02-02 05:00:00.352	2020-02-02 05:00:00.352
24	2020	3	0	1	0	0	0	0	2020-03-02 05:00:00.182	2020-03-03 05:00:00.272
25	2020	4	0	1	0	0	0	0	2020-04-02 05:00:00.242	2020-04-24 05:00:00.317
26	2020	5	0	0	0	0	0	0	2020-05-02 05:00:00.17	2020-05-02 05:00:00.17
59	2020	6	0	1	0	0	0	0	2020-06-02 05:00:00.193	2020-06-24 05:00:00.254
60	2020	7	0	0	0	0	0	0	2020-07-02 05:00:00.165	2020-07-02 05:00:00.165
61	2020	8	1	0	0	1	0	0	2020-08-02 05:00:00.164	2020-08-16 05:00:00.078
62	2020	9	0	0	0	0	0	0	2020-09-02 05:00:00.178	2020-09-02 05:00:00.178
63	2020	10	0	0	0	0	0	0	2020-10-02 05:00:00.191	2020-10-02 05:00:00.191
64	2020	11	0	0	0	0	0	0	2020-11-02 05:00:00.534	2020-11-02 05:00:00.534
65	2020	12	0	0	0	0	0	0	2020-12-02 05:00:00.227	2020-12-02 05:00:00.227
66	2021	1	0	0	0	0	0	0	2021-01-02 05:00:00.329	2021-01-02 05:00:00.329
67	2021	2	0	0	0	0	0	0	2021-02-02 05:00:00.221	2021-02-02 05:00:00.221
68	2021	3	0	0	0	0	0	0	2021-03-02 05:00:00.217	2021-03-02 05:00:00.217
69	2021	4	0	0	0	0	0	0	2021-04-02 05:00:00.542	2021-04-02 05:00:00.542
70	2021	5	0	0	0	0	0	0	2021-05-02 05:00:00.144	2021-05-02 05:00:00.144
71	2021	6	0	1	0	0	0	0	2021-06-02 05:00:00.14	2021-06-29 05:00:00.195
72	2021	7	0	1	0	0	0	0	2021-07-02 05:00:00.156	2021-07-27 05:00:00.163
73	2021	8	0	0	0	0	0	0	2021-08-02 05:00:00.171	2021-08-02 05:00:00.171
74	2021	9	0	0	0	0	0	0	2021-09-02 05:00:00.27	2021-09-02 05:00:00.27
75	2021	10	0	0	0	0	0	0	2021-10-02 05:00:00.28	2021-10-02 05:00:00.28
76	2021	11	0	0	0	0	0	0	2021-11-02 05:00:00.269	2021-11-02 05:00:00.269
77	2021	12	0	0	0	0	0	0	2021-12-02 05:00:00.311	2021-12-02 05:00:00.311
78	2022	1	0	0	0	0	0	0	2022-01-02 05:00:00.338	2022-01-02 05:00:00.338
\.


--
-- Data for Name: users_groups; Type: TABLE DATA; Schema: public; Owner: hamsteri
--

COPY public.users_groups (user_id, group_id) FROM stdin;
\.


--
-- Data for Name: users_roles; Type: TABLE DATA; Schema: public; Owner: hamsteri
--

COPY public.users_roles (user_id, role_id) FROM stdin;
\.


--
-- Data for Name: wanted; Type: TABLE DATA; Schema: public; Owner: hamsteri
--

COPY public.wanted (wanted_id, member_id, mold_id, muovi_id, vari, paino, muuta) FROM stdin;
2	27	596	25	Oranssi	168-171	
8	2	854	31	ANY	170-175	Halvalla
\.


--
-- Name: dd_arvot_id_seq; Type: SEQUENCE SET; Schema: public; Owner: hamsteri
--

SELECT pg_catalog.setval('public.dd_arvot_id_seq', 30, false);


--
-- Name: group_requests_id_seq; Type: SEQUENCE SET; Schema: public; Owner: hamsteri
--

SELECT pg_catalog.setval('public.group_requests_id_seq', 1, false);


--
-- Name: groups_id_seq; Type: SEQUENCE SET; Schema: public; Owner: hamsteri
--

SELECT pg_catalog.setval('public.groups_id_seq', 1, false);


--
-- Name: kiekot_id_seq; Type: SEQUENCE SET; Schema: public; Owner: hamsteri
--

SELECT pg_catalog.setval('public.kiekot_id_seq', 1183, true);


--
-- Name: kirppis_id_seq; Type: SEQUENCE SET; Schema: public; Owner: hamsteri
--

SELECT pg_catalog.setval('public.kirppis_id_seq', 1, false);


--
-- Name: members_id_seq; Type: SEQUENCE SET; Schema: public; Owner: hamsteri
--

SELECT pg_catalog.setval('public.members_id_seq', 102, true);


--
-- Name: ostot_id_seq; Type: SEQUENCE SET; Schema: public; Owner: hamsteri
--

SELECT pg_catalog.setval('public.ostot_id_seq', 45, true);


--
-- Name: r_mold_id_seq; Type: SEQUENCE SET; Schema: public; Owner: hamsteri
--

SELECT pg_catalog.setval('public.r_mold_id_seq', 1108, true);


--
-- Name: r_muovi_id_seq; Type: SEQUENCE SET; Schema: public; Owner: hamsteri
--

SELECT pg_catalog.setval('public.r_muovi_id_seq', 197, true);


--
-- Name: r_valm_id_seq; Type: SEQUENCE SET; Schema: public; Owner: hamsteri
--

SELECT pg_catalog.setval('public.r_valm_id_seq', 25, false);


--
-- Name: r_vari_id_seq; Type: SEQUENCE SET; Schema: public; Owner: hamsteri
--

SELECT pg_catalog.setval('public.r_vari_id_seq', 16, false);


--
-- Name: roles_id_seq; Type: SEQUENCE SET; Schema: public; Owner: hamsteri
--

SELECT pg_catalog.setval('public.roles_id_seq', 1, true);


--
-- Name: stats_id_seq; Type: SEQUENCE SET; Schema: public; Owner: hamsteri
--

SELECT pg_catalog.setval('public.stats_id_seq', 78, true);


--
-- Name: wanted_wanted_id_seq; Type: SEQUENCE SET; Schema: public; Owner: hamsteri
--

SELECT pg_catalog.setval('public.wanted_wanted_id_seq', 9, false);


--
-- Name: dd_arvot dd_arvot_pkey; Type: CONSTRAINT; Schema: public; Owner: hamsteri
--

ALTER TABLE ONLY public.dd_arvot
    ADD CONSTRAINT dd_arvot_pkey PRIMARY KEY (id);


--
-- Name: group_requests group_request_pkey; Type: CONSTRAINT; Schema: public; Owner: hamsteri
--

ALTER TABLE ONLY public.group_requests
    ADD CONSTRAINT group_request_pkey PRIMARY KEY (id);


--
-- Name: groups groups_pkey; Type: CONSTRAINT; Schema: public; Owner: hamsteri
--

ALTER TABLE ONLY public.groups
    ADD CONSTRAINT groups_pkey PRIMARY KEY (id);


--
-- Name: kiekot kiekot_pkey; Type: CONSTRAINT; Schema: public; Owner: hamsteri
--

ALTER TABLE ONLY public.kiekot
    ADD CONSTRAINT kiekot_pkey PRIMARY KEY (id);


--
-- Name: kirppis kirppis_pkey; Type: CONSTRAINT; Schema: public; Owner: hamsteri
--

ALTER TABLE ONLY public.kirppis
    ADD CONSTRAINT kirppis_pkey PRIMARY KEY (id);


--
-- Name: members members_pkey; Type: CONSTRAINT; Schema: public; Owner: hamsteri
--

ALTER TABLE ONLY public.members
    ADD CONSTRAINT members_pkey PRIMARY KEY (id);


--
-- Name: ostot ostot_pkey; Type: CONSTRAINT; Schema: public; Owner: hamsteri
--

ALTER TABLE ONLY public.ostot
    ADD CONSTRAINT ostot_pkey PRIMARY KEY (id);


--
-- Name: databasechangeloglock pk_databasechangeloglock; Type: CONSTRAINT; Schema: public; Owner: hamsteri
--

ALTER TABLE ONLY public.databasechangeloglock
    ADD CONSTRAINT pk_databasechangeloglock PRIMARY KEY (id);


--
-- Name: r_mold r_mold_pkey; Type: CONSTRAINT; Schema: public; Owner: hamsteri
--

ALTER TABLE ONLY public.r_mold
    ADD CONSTRAINT r_mold_pkey PRIMARY KEY (id);


--
-- Name: r_muovi r_muovi_pkey; Type: CONSTRAINT; Schema: public; Owner: hamsteri
--

ALTER TABLE ONLY public.r_muovi
    ADD CONSTRAINT r_muovi_pkey PRIMARY KEY (id);


--
-- Name: r_valm r_valm_pkey; Type: CONSTRAINT; Schema: public; Owner: hamsteri
--

ALTER TABLE ONLY public.r_valm
    ADD CONSTRAINT r_valm_pkey PRIMARY KEY (id);


--
-- Name: r_vari r_vari_pkey; Type: CONSTRAINT; Schema: public; Owner: hamsteri
--

ALTER TABLE ONLY public.r_vari
    ADD CONSTRAINT r_vari_pkey PRIMARY KEY (id);


--
-- Name: roles roles_pkey; Type: CONSTRAINT; Schema: public; Owner: hamsteri
--

ALTER TABLE ONLY public.roles
    ADD CONSTRAINT roles_pkey PRIMARY KEY (id);


--
-- Name: stats stats_pkey; Type: CONSTRAINT; Schema: public; Owner: hamsteri
--

ALTER TABLE ONLY public.stats
    ADD CONSTRAINT stats_pkey PRIMARY KEY (id);


--
-- Name: wanted wanted_pkey; Type: CONSTRAINT; Schema: public; Owner: hamsteri
--

ALTER TABLE ONLY public.wanted
    ADD CONSTRAINT wanted_pkey PRIMARY KEY (wanted_id);


--
-- Name: group_requests group_request_group_id_fk; Type: FK CONSTRAINT; Schema: public; Owner: hamsteri
--

ALTER TABLE ONLY public.group_requests
    ADD CONSTRAINT group_request_group_id_fk FOREIGN KEY (group_id) REFERENCES public.groups(id);


--
-- Name: group_requests group_request_source_user_fk; Type: FK CONSTRAINT; Schema: public; Owner: hamsteri
--

ALTER TABLE ONLY public.group_requests
    ADD CONSTRAINT group_request_source_user_fk FOREIGN KEY (source_user_id) REFERENCES public.members(id);


--
-- Name: group_requests group_request_target_user_fk; Type: FK CONSTRAINT; Schema: public; Owner: hamsteri
--

ALTER TABLE ONLY public.group_requests
    ADD CONSTRAINT group_request_target_user_fk FOREIGN KEY (target_user_id) REFERENCES public.members(id);


--
-- Name: ostot kiekko_fk; Type: FK CONSTRAINT; Schema: public; Owner: hamsteri
--

ALTER TABLE ONLY public.ostot
    ADD CONSTRAINT kiekko_fk FOREIGN KEY (kiekko_id) REFERENCES public.kiekot(id) ON UPDATE CASCADE ON DELETE CASCADE;


--
-- Name: kiekot kiekot_ibfk_1; Type: FK CONSTRAINT; Schema: public; Owner: hamsteri
--

ALTER TABLE ONLY public.kiekot
    ADD CONSTRAINT kiekot_ibfk_1 FOREIGN KEY (member_id) REFERENCES public.members(id) ON UPDATE CASCADE;


--
-- Name: kiekot kiekot_ibfk_2; Type: FK CONSTRAINT; Schema: public; Owner: hamsteri
--

ALTER TABLE ONLY public.kiekot
    ADD CONSTRAINT kiekot_ibfk_2 FOREIGN KEY (mold_id) REFERENCES public.r_mold(id) ON UPDATE CASCADE;


--
-- Name: kiekot kiekot_ibfk_3; Type: FK CONSTRAINT; Schema: public; Owner: hamsteri
--

ALTER TABLE ONLY public.kiekot
    ADD CONSTRAINT kiekot_ibfk_3 FOREIGN KEY (muovi_id) REFERENCES public.r_muovi(id) ON UPDATE CASCADE;


--
-- Name: kiekot kiekot_ibfk_4; Type: FK CONSTRAINT; Schema: public; Owner: hamsteri
--

ALTER TABLE ONLY public.kiekot
    ADD CONSTRAINT kiekot_ibfk_4 FOREIGN KEY (vari_id) REFERENCES public.r_vari(id) ON UPDATE CASCADE;


--
-- Name: kirppis kirppis_ibfk_1; Type: FK CONSTRAINT; Schema: public; Owner: hamsteri
--

ALTER TABLE ONLY public.kirppis
    ADD CONSTRAINT kirppis_ibfk_1 FOREIGN KEY (kiekko_id) REFERENCES public.kiekot(id) ON UPDATE CASCADE;


--
-- Name: kirppis kirppis_ibfk_2; Type: FK CONSTRAINT; Schema: public; Owner: hamsteri
--

ALTER TABLE ONLY public.kirppis
    ADD CONSTRAINT kirppis_ibfk_2 FOREIGN KEY (member_id) REFERENCES public.members(id) ON UPDATE CASCADE;


--
-- Name: ostot ostot_ibfk_1; Type: FK CONSTRAINT; Schema: public; Owner: hamsteri
--

ALTER TABLE ONLY public.ostot
    ADD CONSTRAINT ostot_ibfk_1 FOREIGN KEY (myyja) REFERENCES public.members(id) ON UPDATE CASCADE;


--
-- Name: ostot ostot_ibfk_2; Type: FK CONSTRAINT; Schema: public; Owner: hamsteri
--

ALTER TABLE ONLY public.ostot
    ADD CONSTRAINT ostot_ibfk_2 FOREIGN KEY (ostaja) REFERENCES public.members(id) ON UPDATE CASCADE;


--
-- Name: r_mold r_mold_ibfk_1; Type: FK CONSTRAINT; Schema: public; Owner: hamsteri
--

ALTER TABLE ONLY public.r_mold
    ADD CONSTRAINT r_mold_ibfk_1 FOREIGN KEY (valmistaja_id) REFERENCES public.r_valm(id) ON UPDATE CASCADE;


--
-- Name: r_muovi r_muovi_ibfk_1; Type: FK CONSTRAINT; Schema: public; Owner: hamsteri
--

ALTER TABLE ONLY public.r_muovi
    ADD CONSTRAINT r_muovi_ibfk_1 FOREIGN KEY (valmistaja_id) REFERENCES public.r_valm(id) ON UPDATE CASCADE;


--
-- Name: users_groups users_groups_user_id_fk; Type: FK CONSTRAINT; Schema: public; Owner: hamsteri
--

ALTER TABLE ONLY public.users_groups
    ADD CONSTRAINT users_groups_user_id_fk FOREIGN KEY (group_id) REFERENCES public.members(id) ON DELETE CASCADE;


--
-- Name: users_groups users_roles_group_id_fk; Type: FK CONSTRAINT; Schema: public; Owner: hamsteri
--

ALTER TABLE ONLY public.users_groups
    ADD CONSTRAINT users_roles_group_id_fk FOREIGN KEY (user_id) REFERENCES public.groups(id) ON DELETE CASCADE;


--
-- Name: users_roles users_roles_role_id_fk; Type: FK CONSTRAINT; Schema: public; Owner: hamsteri
--

ALTER TABLE ONLY public.users_roles
    ADD CONSTRAINT users_roles_role_id_fk FOREIGN KEY (role_id) REFERENCES public.roles(id) ON DELETE CASCADE;


--
-- Name: users_roles users_roles_user_id_fk; Type: FK CONSTRAINT; Schema: public; Owner: hamsteri
--

ALTER TABLE ONLY public.users_roles
    ADD CONSTRAINT users_roles_user_id_fk FOREIGN KEY (user_id) REFERENCES public.members(id) ON DELETE CASCADE;


--
-- Name: wanted wanted_ibfk_1; Type: FK CONSTRAINT; Schema: public; Owner: hamsteri
--

ALTER TABLE ONLY public.wanted
    ADD CONSTRAINT wanted_ibfk_1 FOREIGN KEY (member_id) REFERENCES public.members(id) ON UPDATE CASCADE;


--
-- Name: wanted wanted_ibfk_2; Type: FK CONSTRAINT; Schema: public; Owner: hamsteri
--

ALTER TABLE ONLY public.wanted
    ADD CONSTRAINT wanted_ibfk_2 FOREIGN KEY (mold_id) REFERENCES public.r_mold(id) ON UPDATE CASCADE;


--
-- Name: wanted wanted_ibfk_3; Type: FK CONSTRAINT; Schema: public; Owner: hamsteri
--

ALTER TABLE ONLY public.wanted
    ADD CONSTRAINT wanted_ibfk_3 FOREIGN KEY (muovi_id) REFERENCES public.r_muovi(id) ON UPDATE CASCADE;


GRANT ALL ON SCHEMA public TO hamsteri;
GRANT ALL ON SCHEMA public TO PUBLIC;
GRANT ALL ON LANGUAGE plpgsql TO hamsteri;


--
-- PostgreSQL database dump complete
--

